"sponsor","cosponsors","V1"
7,66,2
7,116,2
7,172,1
7,213,2
7,246,4
7,250,1
7,267,1
7,293,1
7,302,3
7,308,2
7,326,4
7,457,2
7,466,2
7,501,1
7,578,1
7,593,3
7,604,2
7,707,1
7,802,3
7,949,2
7,952,3
7,1017,1
7,1036,1
7,1082,4
7,1085,1
7,1163,4
7,1247,3
7,1285,3
7,1286,1
7,1298,1
7,1307,2
7,1331,1
7,1332,3
7,1342,2
7,1361,1
7,1369,13
7,1377,3
7,1379,4
7,1380,2
7,1383,4
7,1384,5
7,1385,3
7,1409,2
7,1424,2
7,1437,1
7,1447,1
7,1452,2
7,1454,3
7,1531,2
7,1540,2
7,1541,2
7,1545,1
7,1546,2
7,1548,1
7,1570,1
7,1571,1
7,1573,2
7,1575,1
7,1612,1
7,1624,1
7,1627,1
7,1629,2
7,1630,2
7,1631,1
7,1680,1
11,7,1
11,13,2
11,66,1
11,116,1
11,137,3
11,146,2
11,168,3
11,172,1
11,179,1
11,213,2
11,246,1
11,250,1
11,267,1
11,293,1
11,302,1
11,308,2
11,326,2
11,348,2
11,453,1
11,466,2
11,501,2
11,578,2
11,583,3
11,593,2
11,604,3
11,655,1
11,754,2
11,802,1
11,949,4
11,952,2
11,968,2
11,1015,1
11,1017,3
11,1036,1
11,1049,1
11,1082,3
11,1085,2
11,1149,1
11,1163,1
11,1247,2
11,1284,1
11,1285,1
11,1286,1
11,1298,2
11,1307,1
11,1331,4
11,1332,1
11,1342,1
11,1351,1
11,1368,3
11,1369,1
11,1377,3
11,1379,1
11,1380,2
11,1383,1
11,1384,2
11,1385,1
11,1387,1
11,1408,2
11,1409,1
11,1440,1
11,1448,1
11,1452,3
11,1454,3
11,1531,1
11,1540,3
11,1541,3
11,1542,2
11,1545,5
11,1546,2
11,1548,4
11,1549,2
11,1571,1
11,1572,1
11,1573,1
11,1624,1
11,1627,2
11,1629,2
11,1630,2
11,1631,2
13,7,1
13,11,3
13,116,3
13,137,3
13,168,3
13,213,3
13,246,4
13,348,1
13,453,1
13,457,1
13,466,3
13,578,5
13,707,2
13,754,1
13,968,2
13,1015,1
13,1082,2
13,1085,1
13,1284,1
13,1285,1
13,1286,1
13,1298,3
13,1332,2
13,1359,2
13,1368,3
13,1369,1
13,1377,1
13,1379,2
13,1385,1
13,1408,2
13,1412,2
13,1437,2
13,1440,1
13,1452,13
13,1540,2
13,1541,1
13,1542,2
13,1545,1
13,1548,3
13,1549,1
13,1571,2
13,1575,2
13,1624,2
13,1631,3
66,7,1
66,11,4
66,13,2
66,137,2
66,146,1
66,172,2
66,213,5
66,246,8
66,250,10
66,267,7
66,293,4
66,308,2
66,326,2
66,348,1
66,453,1
66,457,10
66,501,5
66,578,4
66,583,3
66,593,5
66,604,15
66,655,2
66,707,1
66,754,1
66,802,2
66,859,1
66,952,3
66,968,4
66,1015,1
66,1017,1
66,1036,3
66,1082,3
66,1149,5
66,1163,5
66,1247,3
66,1280,1
66,1285,8
66,1286,2
66,1298,6
66,1299,1
66,1307,3
66,1332,2
66,1342,1
66,1351,3
66,1359,5
66,1361,2
66,1368,3
66,1369,4
66,1377,2
66,1379,3
66,1380,1
66,1383,2
66,1384,5
66,1385,3
66,1387,1
66,1408,1
66,1409,7
66,1412,1
66,1424,5
66,1440,1
66,1447,1
66,1452,5
66,1454,3
66,1531,2
66,1540,5
66,1541,4
66,1542,5
66,1545,1
66,1546,5
66,1548,1
66,1549,3
66,1570,9
66,1572,2
66,1575,1
66,1624,10
66,1627,3
66,1629,2
66,1630,1
66,1631,3
66,1680,4
116,7,3
116,11,1
116,13,2
116,66,4
116,120,1
116,137,2
116,146,1
116,168,1
116,172,3
116,179,1
116,246,1
116,250,2
116,267,1
116,302,3
116,308,1
116,326,4
116,348,1
116,453,2
116,457,1
116,501,1
116,578,1
116,583,1
116,593,4
116,604,1
116,655,1
116,707,1
116,802,5
116,859,1
116,949,2
116,952,7
116,1015,1
116,1017,1
116,1036,2
116,1049,1
116,1082,1
116,1085,5
116,1163,3
116,1247,4
116,1284,2
116,1285,2
116,1286,2
116,1298,1
116,1307,1
116,1331,3
116,1332,13
116,1342,1
116,1368,1
116,1369,2
116,1377,3
116,1379,3
116,1383,1
116,1384,3
116,1385,2
116,1409,7
116,1437,3
116,1454,5
116,1531,3
116,1540,1
116,1541,5
116,1546,3
116,1548,1
116,1549,5
116,1570,1
116,1572,1
116,1573,2
116,1575,1
116,1612,3
116,1624,1
116,1629,3
116,1630,6
116,1631,6
116,1680,4
120,7,2
120,11,1
120,66,4
120,116,2
120,137,3
120,146,2
120,168,1
120,172,1
120,179,2
120,213,1
120,246,2
120,250,2
120,267,1
120,302,1
120,308,3
120,326,4
120,348,1
120,457,2
120,501,3
120,578,1
120,593,2
120,604,3
120,754,2
120,802,1
120,859,2
120,949,1
120,968,2
120,1015,2
120,1017,2
120,1036,2
120,1049,2
120,1082,1
120,1085,1
120,1149,1
120,1163,4
120,1247,1
120,1285,2
120,1286,4
120,1298,3
120,1307,1
120,1319,1
120,1331,1
120,1332,2
120,1336,4
120,1342,5
120,1351,3
120,1361,1
120,1368,4
120,1369,1
120,1377,1
120,1379,1
120,1380,1
120,1383,1
120,1384,2
120,1385,2
120,1387,1
120,1409,1
120,1412,1
120,1424,3
120,1437,4
120,1440,3
120,1447,1
120,1452,1
120,1454,2
120,1531,2
120,1540,6
120,1541,3
120,1542,2
120,1545,4
120,1546,12
120,1549,4
120,1570,4
120,1571,1
120,1572,1
120,1573,1
120,1575,1
120,1612,4
120,1624,9
120,1627,4
120,1629,2
120,1630,1
120,1631,2
120,1680,2
137,7,1
137,11,5
137,13,3
137,66,2
137,116,3
137,120,1
137,146,2
137,246,3
137,250,1
137,267,2
137,293,8
137,302,1
137,308,4
137,326,2
137,348,4
137,453,4
137,457,3
137,466,2
137,501,3
137,578,6
137,583,9
137,593,2
137,604,5
137,655,4
137,707,4
137,754,1
137,802,1
137,859,2
137,952,3
137,968,3
137,1015,4
137,1017,1
137,1036,1
137,1049,3
137,1082,6
137,1149,3
137,1163,3
137,1247,1
137,1280,2
137,1284,1
137,1285,2
137,1286,5
137,1298,2
137,1299,2
137,1307,2
137,1319,1
137,1332,1
137,1336,2
137,1342,1
137,1351,1
137,1359,10
137,1377,3
137,1379,2
137,1380,1
137,1383,1
137,1384,2
137,1385,1
137,1387,3
137,1395,2
137,1408,3
137,1412,1
137,1424,1
137,1437,1
137,1454,3
137,1531,1
137,1540,1
137,1541,2
137,1542,4
137,1545,6
137,1546,3
137,1548,6
137,1549,1
137,1570,2
137,1571,4
137,1572,2
137,1573,1
137,1575,2
137,1612,1
137,1624,4
137,1627,2
137,1630,1
137,1631,3
137,1680,3
146,13,1
146,120,1
146,246,1
146,501,1
146,578,1
146,583,1
146,655,1
146,1082,1
146,1359,1
146,1368,1
146,1395,2
146,1409,1
146,1545,1
146,1546,1
146,1624,1
146,1629,1
168,7,7
168,11,12
168,13,6
168,66,6
168,116,2
168,120,1
168,137,5
168,146,6
168,172,5
168,213,10
168,246,6
168,250,2
168,267,5
168,293,6
168,302,5
168,308,10
168,326,5
168,348,2
168,453,1
168,457,3
168,466,4
168,578,6
168,583,8
168,593,2
168,604,10
168,707,3
168,754,4
168,802,1
168,859,1
168,949,1
168,952,3
168,968,1
168,1015,3
168,1017,1
168,1036,5
168,1049,1
168,1082,4
168,1085,2
168,1149,5
168,1163,3
168,1247,1
168,1280,3
168,1284,7
168,1285,9
168,1286,1
168,1298,2
168,1299,1
168,1307,5
168,1319,9
168,1331,7
168,1332,3
168,1336,3
168,1342,2
168,1351,10
168,1359,5
168,1361,3
168,1368,1
168,1369,18
168,1377,2
168,1379,2
168,1380,6
168,1383,4
168,1384,5
168,1385,1
168,1387,2
168,1395,5
168,1408,6
168,1409,4
168,1412,1
168,1424,2
168,1437,4
168,1440,3
168,1448,5
168,1452,3
168,1454,4
168,1531,6
168,1540,2
168,1541,2
168,1542,3
168,1545,2
168,1546,7
168,1548,2
168,1549,5
168,1570,3
168,1571,3
168,1572,2
168,1573,2
168,1575,4
168,1612,1
168,1624,6
168,1629,4
168,1630,5
168,1631,3
172,7,1
172,13,1
172,66,1
172,213,1
172,250,1
172,302,1
172,326,1
172,457,2
172,501,1
172,604,2
172,968,1
172,1036,1
172,1085,2
172,1149,1
172,1163,1
172,1247,1
172,1285,1
172,1307,1
172,1383,2
172,1409,8
172,1424,2
172,1452,2
172,1531,1
172,1540,2
172,1541,1
172,1542,1
172,1545,2
172,1546,2
172,1549,2
172,1612,1
172,1630,1
172,1631,2
172,1680,1
179,66,1
179,120,2
179,250,1
179,293,1
179,348,1
179,466,1
179,1015,1
179,1284,1
179,1285,1
179,1336,1
179,1379,1
179,1385,1
179,1437,1
179,1546,1
179,1549,1
179,1572,1
179,1612,1
213,7,2
213,66,2
213,120,2
213,146,1
213,172,1
213,250,2
213,267,2
213,293,1
213,302,3
213,457,1
213,501,1
213,593,1
213,604,3
213,707,2
213,949,2
213,952,2
213,1017,2
213,1085,1
213,1149,1
213,1280,1
213,1284,2
213,1307,1
213,1319,2
213,1331,1
213,1336,4
213,1351,1
213,1377,4
213,1383,5
213,1384,2
213,1387,3
213,1408,1
213,1409,3
213,1424,1
213,1448,1
213,1452,3
213,1454,1
213,1540,2
213,1545,1
213,1546,2
213,1549,1
213,1570,2
213,1575,1
213,1612,2
213,1624,1
246,7,2
246,11,7
246,13,3
246,66,6
246,116,4
246,120,3
246,137,2
246,146,2
246,168,5
246,172,7
246,179,2
246,213,8
246,250,15
246,267,7
246,293,4
246,302,1
246,308,5
246,326,2
246,348,5
246,453,2
246,457,2
246,466,1
246,501,1
246,578,7
246,583,7
246,593,1
246,604,8
246,655,2
246,707,1
246,802,3
246,859,1
246,949,1
246,968,3
246,1015,3
246,1017,2
246,1049,2
246,1082,3
246,1149,3
246,1163,1
246,1247,3
246,1280,6
246,1285,4
246,1286,1
246,1298,7
246,1307,3
246,1319,2
246,1331,4
246,1332,6
246,1336,4
246,1342,1
246,1351,2
246,1359,4
246,1361,2
246,1368,2
246,1369,4
246,1377,4
246,1379,4
246,1380,4
246,1383,1
246,1384,1
246,1385,2
246,1387,2
246,1395,4
246,1408,5
246,1409,6
246,1412,3
246,1437,3
246,1440,5
246,1447,1
246,1454,2
246,1531,1
246,1540,3
246,1541,3
246,1542,5
246,1545,6
246,1546,5
246,1548,4
246,1549,7
246,1570,6
246,1571,1
246,1572,5
246,1573,3
246,1575,5
246,1612,1
246,1624,1
246,1627,2
246,1629,5
246,1630,2
250,7,1
250,11,2
250,66,1
250,146,1
250,168,3
250,172,1
250,213,2
250,246,15
250,267,1
250,293,1
250,302,1
250,308,2
250,457,2
250,501,1
250,578,5
250,583,1
250,604,2
250,754,1
250,952,1
250,968,2
250,1015,1
250,1082,3
250,1085,1
250,1280,1
250,1284,1
250,1298,2
250,1307,1
250,1319,1
250,1351,1
250,1359,4
250,1368,1
250,1369,1
250,1384,1
250,1387,1
250,1408,1
250,1424,1
250,1437,2
250,1440,1
250,1452,2
250,1454,1
250,1531,1
250,1540,1
250,1541,1
250,1542,3
250,1545,2
250,1546,2
250,1549,2
250,1570,1
250,1572,1
250,1624,2
250,1629,1
267,7,18
267,11,3
267,13,4
267,66,10
267,116,13
267,120,9
267,137,3
267,146,3
267,168,4
267,172,5
267,179,5
267,213,5
267,246,3
267,250,3
267,293,3
267,302,15
267,308,18
267,326,18
267,348,4
267,453,3
267,457,4
267,466,3
267,501,13
267,578,3
267,583,3
267,593,3
267,604,29
267,655,4
267,707,54
267,754,4
267,802,12
267,859,8
267,949,9
267,952,14
267,968,3
267,1015,3
267,1017,16
267,1036,16
267,1049,4
267,1082,3
267,1085,3
267,1149,3
267,1163,8
267,1247,8
267,1280,3
267,1284,12
267,1285,11
267,1286,3
267,1298,3
267,1299,5
267,1307,12
267,1319,4
267,1331,7
267,1332,7
267,1336,4
267,1342,6
267,1351,5
267,1359,4
267,1361,6
267,1368,3
267,1369,10
267,1377,18
267,1379,18
267,1380,6
267,1383,15
267,1384,13
267,1385,9
267,1387,4
267,1395,4
267,1408,3
267,1409,12
267,1412,3
267,1424,17
267,1437,3
267,1440,4
267,1447,3
267,1448,4
267,1452,3
267,1454,14
267,1531,12
267,1540,13
267,1541,3
267,1542,4
267,1545,5
267,1546,7
267,1548,5
267,1549,4
267,1570,6
267,1571,4
267,1572,5
267,1573,8
267,1575,3
267,1612,3
267,1624,4
267,1627,7
267,1629,14
267,1630,15
267,1631,17
267,1680,9
293,7,1
293,11,1
293,13,3
293,116,1
293,120,2
293,137,3
293,146,1
293,172,2
293,179,1
293,213,1
293,246,1
293,250,1
293,267,1
293,302,5
293,308,3
293,326,3
293,348,2
293,453,1
293,457,5
293,466,1
293,578,3
293,583,2
293,604,1
293,707,3
293,754,2
293,859,1
293,952,3
293,1015,3
293,1017,1
293,1036,4
293,1049,1
293,1082,1
293,1085,1
293,1163,2
293,1285,1
293,1286,2
293,1298,1
293,1307,1
293,1319,2
293,1332,2
293,1351,4
293,1359,5
293,1361,1
293,1368,1
293,1369,1
293,1377,1
293,1379,3
293,1380,2
293,1383,4
293,1384,1
293,1385,3
293,1387,1
293,1395,2
293,1409,2
293,1412,1
293,1424,2
293,1437,1
293,1448,1
293,1452,3
293,1540,1
293,1541,2
293,1542,2
293,1545,4
293,1546,4
293,1548,2
293,1549,1
293,1570,3
293,1571,3
293,1572,1
293,1575,9
293,1612,2
293,1624,2
293,1629,2
293,1630,1
293,1631,3
293,1680,1
302,7,5
302,13,1
302,66,3
302,116,8
302,120,4
302,137,1
302,146,2
302,168,1
302,172,4
302,179,3
302,213,2
302,246,1
302,267,5
302,293,12
302,308,4
302,326,6
302,348,1
302,457,1
302,466,1
302,501,4
302,578,1
302,583,1
302,593,8
302,604,9
302,754,2
302,802,7
302,859,2
302,949,10
302,952,4
302,968,3
302,1015,4
302,1017,6
302,1036,7
302,1049,2
302,1082,1
302,1085,6
302,1149,1
302,1163,5
302,1247,1
302,1280,2
302,1284,3
302,1285,8
302,1286,2
302,1298,1
302,1299,2
302,1307,4
302,1319,1
302,1331,5
302,1332,6
302,1336,2
302,1342,1
302,1359,1
302,1361,2
302,1368,1
302,1369,3
302,1377,13
302,1379,9
302,1380,3
302,1383,6
302,1384,5
302,1385,15
302,1387,3
302,1395,2
302,1409,11
302,1424,4
302,1437,1
302,1440,2
302,1448,1
302,1452,2
302,1454,12
302,1531,5
302,1540,7
302,1541,10
302,1542,1
302,1545,3
302,1546,6
302,1548,3
302,1549,2
302,1570,3
302,1571,1
302,1572,1
302,1573,6
302,1575,2
302,1612,7
302,1624,4
302,1627,1
302,1629,4
302,1630,10
302,1631,12
302,1680,3
308,7,2
308,11,3
308,66,3
308,116,2
308,120,3
308,137,4
308,168,2
308,172,3
308,179,2
308,246,4
308,250,3
308,267,8
308,293,1
308,302,1
308,326,10
308,348,2
308,457,1
308,466,1
308,501,3
308,578,2
308,583,2
308,593,2
308,604,14
308,655,1
308,859,1
308,952,3
308,968,3
308,1015,1
308,1036,1
308,1085,2
308,1149,1
308,1163,2
308,1280,2
308,1285,3
308,1298,4
308,1299,1
308,1307,11
308,1319,1
308,1331,1
308,1332,2
308,1336,1
308,1342,3
308,1361,3
308,1368,2
308,1369,2
308,1379,2
308,1383,2
308,1384,2
308,1408,1
308,1409,6
308,1424,3
308,1437,1
308,1440,3
308,1452,2
308,1454,4
308,1531,1
308,1540,2
308,1541,3
308,1542,1
308,1545,2
308,1546,3
308,1549,2
308,1570,7
308,1571,1
308,1572,1
308,1575,1
308,1612,1
308,1624,2
308,1627,2
308,1629,4
308,1630,3
308,1631,3
308,1680,1
326,7,5
326,11,1
326,13,4
326,66,2
326,116,5
326,120,4
326,137,6
326,172,3
326,179,1
326,213,2
326,267,4
326,293,5
326,302,7
326,308,8
326,348,1
326,457,2
326,466,2
326,501,5
326,583,3
326,593,2
326,604,10
326,754,1
326,802,11
326,859,1
326,949,7
326,952,8
326,1015,2
326,1017,5
326,1036,8
326,1082,1
326,1085,1
326,1163,11
326,1247,3
326,1280,1
326,1284,7
326,1285,9
326,1298,2
326,1299,1
326,1307,2
326,1331,10
326,1332,6
326,1336,3
326,1342,6
326,1359,1
326,1361,3
326,1369,8
326,1377,12
326,1379,13
326,1380,5
326,1383,6
326,1384,8
326,1385,3
326,1387,2
326,1409,5
326,1424,6
326,1437,6
326,1447,3
326,1452,1
326,1454,8
326,1531,4
326,1540,7
326,1541,8
326,1542,2
326,1545,1
326,1546,8
326,1549,1
326,1570,1
326,1571,7
326,1572,5
326,1573,5
326,1575,4
326,1612,2
326,1627,2
326,1629,4
326,1630,8
326,1631,9
326,1680,3
348,11,2
348,13,1
348,66,1
348,120,1
348,137,1
348,168,1
348,172,1
348,179,1
348,246,1
348,250,2
348,308,1
348,326,1
348,578,3
348,604,1
348,707,1
348,802,1
348,952,4
348,1015,1
348,1017,1
348,1082,2
348,1149,1
348,1163,2
348,1247,1
348,1285,1
348,1286,2
348,1351,1
348,1359,2
348,1361,1
348,1368,1
348,1377,1
348,1379,2
348,1384,1
348,1387,1
348,1408,1
348,1409,1
348,1424,1
348,1437,1
348,1452,1
348,1531,1
348,1540,1
348,1541,1
348,1542,1
348,1545,1
348,1546,2
348,1549,1
348,1570,3
348,1575,1
348,1624,1
348,1627,1
348,1630,1
348,1631,1
348,1680,1
453,11,5
453,13,1
453,116,2
453,146,6
453,168,1
453,246,2
453,250,3
453,267,1
453,293,1
453,348,2
453,457,2
453,466,1
453,578,1
453,583,1
453,655,4
453,707,1
453,754,2
453,859,1
453,968,2
453,1015,2
453,1036,1
453,1082,1
453,1085,1
453,1149,1
453,1163,1
453,1280,4
453,1285,1
453,1286,2
453,1298,1
453,1319,2
453,1336,1
453,1342,1
453,1351,4
453,1359,2
453,1368,7
453,1387,2
453,1395,1
453,1408,2
453,1412,2
453,1440,1
453,1448,1
453,1452,1
453,1542,4
453,1545,3
453,1548,2
453,1549,1
453,1572,1
453,1624,4
457,7,4
457,11,7
457,13,4
457,66,12
457,116,1
457,120,11
457,137,4
457,146,5
457,172,3
457,179,6
457,213,9
457,246,7
457,250,6
457,267,4
457,293,6
457,302,3
457,308,5
457,326,6
457,348,5
457,453,1
457,466,3
457,501,8
457,578,12
457,583,1
457,593,9
457,604,13
457,655,3
457,707,1
457,754,1
457,802,3
457,859,4
457,949,1
457,952,5
457,968,6
457,1015,5
457,1017,2
457,1036,4
457,1082,5
457,1085,7
457,1149,3
457,1163,9
457,1247,3
457,1280,4
457,1284,5
457,1285,4
457,1286,4
457,1298,6
457,1299,1
457,1307,8
457,1319,4
457,1331,4
457,1332,3
457,1336,2
457,1342,5
457,1351,11
457,1359,7
457,1361,2
457,1368,4
457,1369,2
457,1377,3
457,1379,9
457,1380,2
457,1383,6
457,1384,3
457,1385,3
457,1387,5
457,1395,3
457,1408,9
457,1409,3
457,1424,3
457,1437,3
457,1440,4
457,1448,2
457,1452,3
457,1454,4
457,1531,4
457,1540,7
457,1541,9
457,1542,4
457,1545,10
457,1546,9
457,1548,6
457,1549,8
457,1570,7
457,1571,5
457,1572,4
457,1573,2
457,1575,3
457,1612,5
457,1624,7
457,1627,6
457,1629,3
457,1630,3
457,1631,2
457,1680,5
466,13,1
466,137,1
466,179,1
466,213,1
466,246,2
466,267,1
466,293,1
466,326,1
466,457,1
466,501,1
466,578,3
466,583,1
466,604,1
466,802,1
466,859,1
466,949,1
466,1015,1
466,1017,1
466,1082,1
466,1085,2
466,1163,1
466,1284,1
466,1285,1
466,1331,1
466,1368,1
466,1377,1
466,1379,2
466,1380,1
466,1385,1
466,1395,1
466,1454,1
466,1540,1
466,1541,4
466,1542,1
466,1570,1
466,1572,1
466,1612,2
466,1627,1
466,1629,1
466,1680,1
501,7,5
501,11,2
501,13,3
501,66,10
501,116,7
501,120,1
501,137,1
501,146,2
501,168,1
501,172,1
501,213,3
501,246,5
501,250,3
501,267,5
501,293,3
501,302,7
501,308,5
501,326,12
501,457,2
501,466,2
501,578,2
501,583,1
501,593,4
501,604,16
501,655,1
501,707,1
501,802,9
501,859,2
501,949,4
501,952,7
501,968,2
501,1015,2
501,1017,6
501,1036,9
501,1082,3
501,1085,3
501,1149,1
501,1163,10
501,1247,3
501,1280,1
501,1284,4
501,1285,10
501,1298,2
501,1307,6
501,1319,1
501,1331,7
501,1332,5
501,1336,1
501,1342,3
501,1351,3
501,1359,5
501,1361,5
501,1368,1
501,1369,7
501,1377,17
501,1379,10
501,1380,6
501,1383,9
501,1384,7
501,1385,5
501,1387,6
501,1395,3
501,1408,3
501,1409,9
501,1412,1
501,1424,3
501,1437,6
501,1440,2
501,1452,2
501,1454,14
501,1531,9
501,1540,5
501,1541,5
501,1542,1
501,1545,2
501,1546,5
501,1549,2
501,1570,9
501,1571,2
501,1572,3
501,1573,3
501,1575,1
501,1612,1
501,1624,2
501,1627,3
501,1629,11
501,1630,8
501,1631,16
501,1680,5
578,7,1
578,11,4
578,13,5
578,66,2
578,120,3
578,137,5
578,146,4
578,168,6
578,172,3
578,179,1
578,213,7
578,246,10
578,250,4
578,267,3
578,293,7
578,302,3
578,308,1
578,326,6
578,348,3
578,453,2
578,457,2
578,466,6
578,501,5
578,583,9
578,593,4
578,604,8
578,655,4
578,707,7
578,754,1
578,802,5
578,968,6
578,1015,5
578,1017,3
578,1036,2
578,1049,2
578,1082,11
578,1085,4
578,1149,4
578,1163,2
578,1247,2
578,1280,2
578,1284,3
578,1285,5
578,1286,11
578,1298,3
578,1319,2
578,1331,3
578,1332,1
578,1336,7
578,1351,5
578,1359,7
578,1361,3
578,1368,3
578,1369,3
578,1377,4
578,1379,3
578,1385,2
578,1387,2
578,1395,2
578,1408,3
578,1409,4
578,1412,2
578,1437,5
578,1440,1
578,1447,2
578,1448,2
578,1452,7
578,1454,4
578,1531,2
578,1540,5
578,1541,9
578,1542,6
578,1545,8
578,1546,4
578,1548,11
578,1549,3
578,1570,6
578,1571,1
578,1573,4
578,1575,3
578,1624,8
578,1627,1
578,1629,3
578,1630,4
578,1631,2
578,1680,5
583,7,1
583,11,1
583,13,3
583,66,1
583,120,1
583,137,1
583,146,1
583,168,1
583,179,1
583,213,2
583,246,1
583,250,1
583,293,1
583,302,1
583,308,2
583,326,1
583,457,1
583,578,1
583,604,1
583,707,1
583,949,1
583,952,1
583,968,1
583,1049,1
583,1082,2
583,1149,1
583,1280,1
583,1284,1
583,1286,1
583,1298,2
583,1307,1
583,1336,1
583,1359,1
583,1361,1
583,1368,1
583,1385,2
583,1387,1
583,1408,2
583,1409,2
583,1412,2
583,1440,1
583,1447,1
583,1448,1
583,1452,2
583,1531,1
583,1540,2
583,1541,1
583,1545,1
583,1546,1
583,1548,1
583,1570,2
583,1571,1
583,1572,1
583,1573,1
583,1612,1
583,1624,1
583,1627,1
583,1629,1
583,1630,1
583,1631,2
583,1680,1
593,7,1
593,11,4
593,13,2
593,66,3
593,116,3
593,120,9
593,137,3
593,146,3
593,168,2
593,172,2
593,179,4
593,213,2
593,246,3
593,250,3
593,267,3
593,293,3
593,302,7
593,308,3
593,326,3
593,348,2
593,457,3
593,466,2
593,501,1
593,578,2
593,583,2
593,604,4
593,655,2
593,802,3
593,859,2
593,949,2
593,952,3
593,968,2
593,1017,4
593,1036,9
593,1049,1
593,1082,7
593,1085,9
593,1149,2
593,1163,5
593,1247,3
593,1280,2
593,1284,3
593,1285,6
593,1286,3
593,1298,2
593,1299,1
593,1307,2
593,1319,2
593,1331,3
593,1332,6
593,1336,4
593,1342,3
593,1351,4
593,1359,2
593,1361,2
593,1368,2
593,1369,2
593,1377,6
593,1379,8
593,1380,1
593,1383,9
593,1384,3
593,1385,5
593,1387,1
593,1395,1
593,1408,3
593,1409,5
593,1424,2
593,1437,2
593,1440,1
593,1447,1
593,1452,2
593,1454,5
593,1531,2
593,1540,3
593,1541,4
593,1542,1
593,1545,4
593,1546,5
593,1548,2
593,1549,2
593,1570,7
593,1571,2
593,1572,3
593,1573,1
593,1575,4
593,1612,8
593,1624,3
593,1627,2
593,1629,4
593,1630,4
593,1631,10
593,1680,4
604,7,2
604,11,3
604,13,1
604,66,9
604,120,3
604,137,2
604,168,3
604,172,1
604,179,2
604,213,3
604,246,1
604,250,1
604,267,19
604,293,1
604,302,1
604,308,12
604,326,4
604,348,1
604,457,2
604,501,6
604,578,2
604,583,1
604,593,1
604,707,1
604,859,1
604,949,1
604,952,6
604,968,2
604,1017,2
604,1085,4
604,1149,1
604,1163,5
604,1284,1
604,1285,10
604,1298,1
604,1307,7
604,1331,5
604,1332,1
604,1342,2
604,1351,2
604,1361,2
604,1368,1
604,1369,6
604,1377,4
604,1379,5
604,1383,1
604,1384,2
604,1385,2
604,1387,1
604,1408,1
604,1409,5
604,1424,1
604,1454,6
604,1531,6
604,1540,5
604,1541,4
604,1542,2
604,1545,2
604,1546,6
604,1549,1
604,1570,2
604,1572,2
604,1624,3
604,1627,6
604,1629,6
604,1630,2
604,1631,2
604,1680,4
655,11,1
655,13,1
655,116,1
655,120,1
655,137,1
655,168,1
655,246,1
655,308,1
655,453,2
655,578,2
655,754,5
655,859,1
655,1082,1
655,1085,1
655,1149,1
655,1163,1
655,1247,1
655,1285,4
655,1298,1
655,1319,5
655,1332,2
655,1368,1
655,1369,1
655,1377,1
655,1540,2
655,1541,1
655,1549,2
655,1570,1
655,1572,1
655,1624,1
655,1629,1
707,11,2
707,13,3
707,137,2
707,146,2
707,168,2
707,213,5
707,246,2
707,250,2
707,267,15
707,293,2
707,348,2
707,453,2
707,457,2
707,466,2
707,578,2
707,583,2
707,593,1
707,655,2
707,754,2
707,952,2
707,968,2
707,1015,2
707,1049,2
707,1082,3
707,1085,3
707,1149,2
707,1280,2
707,1286,3
707,1298,2
707,1299,1
707,1319,2
707,1336,2
707,1351,2
707,1359,2
707,1368,3
707,1379,1
707,1387,2
707,1395,2
707,1408,2
707,1412,2
707,1437,3
707,1440,2
707,1447,2
707,1448,3
707,1452,3
707,1540,1
707,1541,3
707,1542,2
707,1545,2
707,1548,2
707,1549,2
707,1571,2
707,1575,3
707,1612,2
707,1624,2
707,1629,1
707,1680,1
754,7,1
754,11,1
754,13,4
754,66,5
754,116,4
754,120,6
754,137,7
754,146,2
754,168,4
754,172,7
754,179,5
754,213,3
754,246,2
754,267,8
754,293,4
754,302,5
754,308,4
754,326,5
754,348,1
754,453,1
754,501,4
754,578,4
754,583,2
754,593,7
754,604,7
754,655,4
754,707,2
754,802,6
754,859,4
754,949,5
754,952,8
754,968,2
754,1017,6
754,1036,7
754,1049,2
754,1082,3
754,1085,6
754,1163,2
754,1247,4
754,1280,2
754,1284,3
754,1285,6
754,1286,2
754,1298,3
754,1307,1
754,1319,2
754,1331,5
754,1332,3
754,1342,4
754,1351,2
754,1359,4
754,1361,9
754,1368,6
754,1369,8
754,1377,6
754,1379,9
754,1380,2
754,1383,3
754,1384,6
754,1385,10
754,1387,2
754,1408,3
754,1409,7
754,1412,1
754,1424,3
754,1437,2
754,1440,1
754,1447,2
754,1448,3
754,1452,2
754,1454,3
754,1531,4
754,1540,10
754,1541,4
754,1542,1
754,1545,4
754,1546,4
754,1548,3
754,1549,5
754,1570,4
754,1571,4
754,1572,4
754,1573,10
754,1575,3
754,1612,3
754,1624,6
754,1627,1
754,1629,4
754,1630,5
754,1631,5
754,1680,5
802,7,2
802,13,2
802,116,1
802,120,1
802,172,4
802,213,3
802,267,3
802,293,1
802,302,3
802,308,1
802,326,1
802,466,2
802,501,3
802,578,3
802,593,2
802,604,6
802,859,1
802,949,1
802,952,2
802,968,1
802,1015,1
802,1017,7
802,1036,3
802,1085,5
802,1163,4
802,1247,1
802,1284,2
802,1285,3
802,1286,1
802,1307,1
802,1332,1
802,1336,2
802,1342,1
802,1351,1
802,1361,1
802,1368,3
802,1369,2
802,1377,5
802,1379,2
802,1383,4
802,1384,1
802,1385,1
802,1387,1
802,1409,5
802,1424,1
802,1452,2
802,1454,2
802,1531,4
802,1540,3
802,1541,4
802,1542,1
802,1545,1
802,1546,3
802,1549,1
802,1570,4
802,1575,1
802,1612,2
802,1624,2
802,1627,1
802,1629,2
802,1630,4
802,1631,6
802,1680,2
859,7,1
859,13,1
859,116,2
859,120,1
859,246,1
859,302,1
859,326,2
859,501,1
859,604,3
859,655,1
859,754,2
859,802,1
859,1017,1
859,1036,1
859,1149,1
859,1163,1
859,1285,1
859,1307,1
859,1331,2
859,1332,3
859,1342,6
859,1351,1
859,1359,1
859,1369,1
859,1377,2
859,1379,2
859,1383,1
859,1384,3
859,1385,1
859,1409,2
859,1424,1
859,1454,1
859,1540,3
859,1542,1
859,1546,2
859,1548,1
859,1549,2
859,1572,1
859,1573,1
859,1575,1
859,1624,1
859,1627,1
859,1629,1
859,1630,2
859,1631,1
859,1680,3
949,7,4
949,66,2
949,116,2
949,120,1
949,137,1
949,146,1
949,172,1
949,179,4
949,213,3
949,267,4
949,293,4
949,302,6
949,308,1
949,326,5
949,578,2
949,593,3
949,604,5
949,754,1
949,802,8
949,859,1
949,952,3
949,1015,1
949,1017,5
949,1036,6
949,1049,1
949,1082,1
949,1085,1
949,1163,5
949,1247,1
949,1284,1
949,1285,3
949,1286,1
949,1307,1
949,1331,1
949,1332,4
949,1336,2
949,1342,3
949,1361,1
949,1369,4
949,1377,8
949,1379,4
949,1380,1
949,1383,1
949,1384,4
949,1385,3
949,1409,4
949,1424,1
949,1437,1
949,1448,1
949,1452,2
949,1454,9
949,1531,1
949,1540,3
949,1541,6
949,1542,1
949,1545,3
949,1546,9
949,1549,3
949,1570,1
949,1571,2
949,1572,1
949,1573,1
949,1612,21
949,1629,4
949,1630,7
949,1631,10
949,1680,3
952,7,6
952,11,4
952,13,3
952,66,3
952,116,6
952,120,4
952,137,4
952,146,2
952,168,1
952,172,6
952,179,1
952,213,2
952,246,4
952,250,5
952,267,7
952,293,4
952,302,6
952,308,7
952,326,5
952,348,19
952,457,2
952,501,2
952,578,3
952,583,4
952,593,8
952,604,8
952,655,1
952,707,2
952,754,4
952,802,3
952,859,2
952,949,5
952,968,2
952,1015,2
952,1017,5
952,1036,7
952,1049,1
952,1082,4
952,1085,5
952,1149,1
952,1163,8
952,1247,2
952,1280,4
952,1284,3
952,1285,7
952,1286,2
952,1298,3
952,1299,2
952,1307,4
952,1319,2
952,1331,1
952,1332,4
952,1336,1
952,1342,3
952,1351,3
952,1359,3
952,1361,4
952,1368,4
952,1369,4
952,1377,7
952,1379,5
952,1380,1
952,1383,4
952,1384,5
952,1385,8
952,1395,2
952,1408,4
952,1409,6
952,1412,1
952,1424,3
952,1437,3
952,1448,2
952,1452,4
952,1454,3
952,1531,6
952,1540,4
952,1541,4
952,1542,2
952,1545,3
952,1546,6
952,1548,2
952,1549,6
952,1570,6
952,1572,1
952,1573,3
952,1575,1
952,1612,3
952,1624,6
952,1627,4
952,1629,4
952,1630,5
952,1631,5
952,1680,3
968,11,3
968,120,1
968,137,5
968,246,3
968,250,3
968,293,1
968,326,1
968,453,1
968,578,1
968,593,1
968,952,1
968,1149,2
968,1285,2
968,1298,1
968,1331,1
968,1332,2
968,1336,1
968,1359,2
968,1377,1
968,1387,1
968,1408,2
968,1437,1
968,1452,1
968,1542,1
968,1545,2
968,1546,1
968,1548,1
968,1571,1
968,1575,1
968,1624,2
1015,11,1
1015,13,1
1015,116,1
1015,120,1
1015,137,3
1015,146,1
1015,172,2
1015,213,2
1015,246,1
1015,250,1
1015,293,3
1015,302,1
1015,326,2
1015,348,1
1015,457,1
1015,466,1
1015,501,1
1015,578,4
1015,583,1
1015,604,1
1015,655,2
1015,754,1
1015,952,1
1015,1017,1
1015,1036,1
1015,1049,1
1015,1082,5
1015,1163,4
1015,1247,1
1015,1285,1
1015,1319,1
1015,1332,2
1015,1342,1
1015,1351,2
1015,1359,1
1015,1377,2
1015,1379,2
1015,1380,1
1015,1383,1
1015,1384,1
1015,1385,3
1015,1387,1
1015,1395,1
1015,1408,1
1015,1412,1
1015,1424,1
1015,1437,4
1015,1448,1
1015,1452,2
1015,1531,1
1015,1546,3
1015,1548,2
1015,1570,1
1015,1571,1
1015,1572,3
1015,1575,3
1015,1624,6
1015,1629,1
1015,1630,2
1015,1631,1
1017,7,2
1017,11,3
1017,13,5
1017,66,1
1017,116,1
1017,120,1
1017,137,1
1017,146,3
1017,168,2
1017,179,3
1017,246,1
1017,250,1
1017,267,2
1017,293,2
1017,302,7
1017,308,3
1017,326,4
1017,348,1
1017,453,1
1017,501,2
1017,578,2
1017,593,1
1017,604,5
1017,754,1
1017,802,16
1017,949,6
1017,952,3
1017,1015,2
1017,1036,6
1017,1049,1
1017,1082,1
1017,1085,1
1017,1163,2
1017,1247,1
1017,1284,2
1017,1285,3
1017,1286,5
1017,1307,1
1017,1319,1
1017,1331,1
1017,1332,2
1017,1351,2
1017,1359,1
1017,1368,2
1017,1377,4
1017,1379,5
1017,1383,2
1017,1384,4
1017,1385,3
1017,1409,2
1017,1424,1
1017,1437,2
1017,1440,1
1017,1447,1
1017,1452,8
1017,1454,1
1017,1531,5
1017,1540,4
1017,1541,3
1017,1542,2
1017,1546,3
1017,1548,3
1017,1549,1
1017,1572,3
1017,1573,1
1017,1624,2
1017,1627,2
1017,1629,2
1017,1630,7
1017,1631,5
1017,1680,1
1036,7,1
1036,11,2
1036,13,1
1036,116,3
1036,120,1
1036,137,3
1036,146,1
1036,168,1
1036,172,1
1036,213,1
1036,246,3
1036,250,1
1036,267,4
1036,293,4
1036,302,3
1036,308,1
1036,326,10
1036,348,1
1036,457,1
1036,466,1
1036,501,1
1036,578,1
1036,593,2
1036,604,3
1036,655,2
1036,707,1
1036,754,4
1036,802,4
1036,859,2
1036,949,3
1036,952,2
1036,1015,4
1036,1017,3
1036,1049,1
1036,1082,2
1036,1085,2
1036,1149,1
1036,1163,5
1036,1247,1
1036,1280,1
1036,1284,3
1036,1285,3
1036,1286,1
1036,1307,1
1036,1331,2
1036,1332,4
1036,1336,1
1036,1342,1
1036,1351,4
1036,1359,1
1036,1361,2
1036,1369,1
1036,1377,6
1036,1379,4
1036,1380,6
1036,1383,5
1036,1384,6
1036,1385,2
1036,1395,1
1036,1408,1
1036,1409,2
1036,1424,1
1036,1437,1
1036,1448,1
1036,1452,3
1036,1454,3
1036,1531,2
1036,1540,5
1036,1541,5
1036,1546,4
1036,1548,1
1036,1549,4
1036,1570,2
1036,1571,3
1036,1572,4
1036,1573,4
1036,1575,2
1036,1612,3
1036,1624,3
1036,1627,1
1036,1629,4
1036,1630,9
1036,1631,36
1036,1680,4
1049,11,1
1049,13,1
1049,137,2
1049,146,2
1049,168,1
1049,213,2
1049,246,3
1049,250,1
1049,302,1
1049,326,1
1049,453,1
1049,466,1
1049,583,1
1049,593,1
1049,655,1
1049,707,1
1049,1017,1
1049,1085,1
1049,1149,1
1049,1286,3
1049,1298,2
1049,1319,1
1049,1342,1
1049,1359,1
1049,1408,2
1049,1412,1
1049,1437,1
1049,1545,1
1049,1548,4
1049,1549,1
1049,1624,1
1082,11,3
1082,13,1
1082,66,2
1082,116,1
1082,137,2
1082,146,3
1082,168,2
1082,213,1
1082,246,3
1082,250,4
1082,267,1
1082,293,3
1082,302,2
1082,326,1
1082,348,5
1082,466,3
1082,501,1
1082,578,5
1082,583,7
1082,593,5
1082,604,2
1082,754,1
1082,949,1
1082,952,3
1082,1015,3
1082,1036,2
1082,1085,3
1082,1149,2
1082,1163,1
1082,1286,1
1082,1298,3
1082,1307,1
1082,1331,1
1082,1332,3
1082,1342,2
1082,1359,5
1082,1368,2
1082,1377,1
1082,1379,3
1082,1383,5
1082,1385,4
1082,1408,1
1082,1412,2
1082,1437,1
1082,1448,1
1082,1452,3
1082,1540,2
1082,1541,3
1082,1542,2
1082,1546,2
1082,1548,2
1082,1570,2
1082,1575,1
1082,1612,4
1082,1624,4
1082,1627,1
1082,1629,1
1082,1630,2
1082,1631,1
1082,1680,1
1085,7,1
1085,13,2
1085,66,3
1085,116,4
1085,120,7
1085,137,1
1085,168,1
1085,172,7
1085,179,4
1085,213,5
1085,246,3
1085,250,2
1085,267,2
1085,293,5
1085,302,7
1085,308,2
1085,326,5
1085,457,1
1085,466,1
1085,501,6
1085,578,5
1085,583,2
1085,593,14
1085,604,9
1085,707,3
1085,754,3
1085,802,9
1085,859,1
1085,949,4
1085,952,2
1085,968,1
1085,1017,5
1085,1036,2
1085,1049,2
1085,1082,1
1085,1149,2
1085,1163,15
1085,1280,1
1085,1284,5
1085,1285,9
1085,1298,2
1085,1299,1
1085,1331,1
1085,1332,10
1085,1336,2
1085,1342,2
1085,1351,1
1085,1359,3
1085,1361,6
1085,1368,2
1085,1369,3
1085,1377,5
1085,1379,11
1085,1380,2
1085,1383,3
1085,1384,2
1085,1385,3
1085,1387,1
1085,1395,1
1085,1408,3
1085,1409,7
1085,1424,4
1085,1437,4
1085,1440,3
1085,1448,2
1085,1452,4
1085,1454,1
1085,1531,5
1085,1540,3
1085,1541,25
1085,1542,3
1085,1545,3
1085,1546,14
1085,1548,3
1085,1549,3
1085,1570,8
1085,1571,1
1085,1572,4
1085,1573,2
1085,1575,1
1085,1612,6
1085,1624,8
1085,1627,2
1085,1629,2
1085,1630,10
1085,1631,5
1085,1680,4
1149,11,2
1149,13,1
1149,66,1
1149,116,1
1149,120,1
1149,137,2
1149,168,2
1149,172,2
1149,179,1
1149,213,2
1149,246,4
1149,250,2
1149,267,3
1149,293,1
1149,302,2
1149,308,2
1149,326,1
1149,457,1
1149,466,2
1149,578,2
1149,583,2
1149,593,1
1149,604,5
1149,802,1
1149,859,1
1149,949,1
1149,952,1
1149,968,3
1149,1015,1
1149,1017,1
1149,1036,1
1149,1049,1
1149,1085,2
1149,1163,2
1149,1284,2
1149,1286,3
1149,1298,3
1149,1307,3
1149,1319,2
1149,1332,1
1149,1336,1
1149,1342,1
1149,1351,1
1149,1359,2
1149,1368,1
1149,1369,1
1149,1377,1
1149,1379,2
1149,1380,1
1149,1383,1
1149,1384,1
1149,1385,1
1149,1387,1
1149,1395,1
1149,1408,2
1149,1409,1
1149,1412,1
1149,1424,2
1149,1437,1
1149,1440,2
1149,1448,1
1149,1452,1
1149,1454,1
1149,1531,1
1149,1540,2
1149,1541,3
1149,1542,8
1149,1545,1
1149,1546,3
1149,1548,1
1149,1549,3
1149,1570,4
1149,1571,1
1149,1572,1
1149,1573,2
1149,1575,1
1149,1612,1
1149,1624,2
1149,1627,3
1149,1629,2
1149,1630,1
1149,1631,1
1149,1680,2
1163,13,4
1163,116,2
1163,120,2
1163,137,3
1163,172,1
1163,213,1
1163,246,1
1163,293,1
1163,302,2
1163,326,5
1163,348,1
1163,457,1
1163,466,1
1163,501,1
1163,578,2
1163,593,2
1163,604,6
1163,655,1
1163,802,2
1163,949,3
1163,1015,2
1163,1017,2
1163,1036,2
1163,1085,2
1163,1149,1
1163,1247,2
1163,1284,2
1163,1285,1
1163,1307,1
1163,1331,2
1163,1332,3
1163,1336,1
1163,1351,1
1163,1359,3
1163,1361,1
1163,1369,1
1163,1377,4
1163,1379,6
1163,1380,1
1163,1384,2
1163,1385,3
1163,1408,3
1163,1409,2
1163,1424,1
1163,1437,2
1163,1447,1
1163,1452,1
1163,1454,7
1163,1531,2
1163,1540,7
1163,1541,2
1163,1542,1
1163,1545,1
1163,1546,4
1163,1548,2
1163,1549,2
1163,1570,2
1163,1572,1
1163,1573,2
1163,1575,1
1163,1612,1
1163,1624,3
1163,1627,2
1163,1629,2
1163,1630,24
1163,1631,2
1163,1680,1
1247,13,4
1247,120,3
1247,137,1
1247,172,1
1247,246,1
1247,348,1
1247,457,1
1247,593,1
1247,604,1
1247,655,1
1247,754,1
1247,802,1
1247,1015,1
1247,1085,1
1247,1285,1
1247,1298,3
1247,1336,2
1247,1342,1
1247,1351,2
1247,1383,3
1247,1384,1
1247,1385,1
1247,1387,1
1247,1409,2
1247,1424,1
1247,1452,2
1247,1541,2
1247,1546,3
1247,1548,1
1247,1549,12
1247,1570,1
1247,1572,1
1247,1624,1
1247,1631,2
1280,13,1
1280,302,1
1280,348,1
1280,578,1
1280,655,1
1280,952,1
1280,1036,1
1280,1319,1
1280,1351,3
1280,1395,1
1280,1440,1
1280,1452,1
1280,1545,1
1280,1546,1
1284,7,8
1284,13,7
1284,66,4
1284,116,10
1284,120,7
1284,137,5
1284,146,4
1284,168,2
1284,172,7
1284,179,13
1284,213,6
1284,246,3
1284,250,2
1284,267,7
1284,293,9
1284,302,10
1284,308,9
1284,326,12
1284,348,1
1284,453,1
1284,457,6
1284,466,2
1284,501,2
1284,578,4
1284,583,6
1284,593,8
1284,604,9
1284,707,2
1284,754,3
1284,802,10
1284,859,5
1284,949,4
1284,952,6
1284,968,2
1284,1015,4
1284,1017,12
1284,1036,10
1284,1082,1
1284,1085,6
1284,1149,1
1284,1163,8
1284,1247,2
1284,1285,7
1284,1286,3
1284,1298,2
1284,1299,5
1284,1307,5
1284,1319,8
1284,1331,7
1284,1332,10
1284,1336,3
1284,1342,7
1284,1351,11
1284,1359,8
1284,1361,6
1284,1368,6
1284,1369,6
1284,1377,9
1284,1379,13
1284,1380,8
1284,1383,10
1284,1384,12
1284,1385,9
1284,1387,6
1284,1395,2
1284,1408,5
1284,1409,13
1284,1412,1
1284,1424,6
1284,1437,12
1284,1440,4
1284,1447,1
1284,1448,7
1284,1452,5
1284,1454,7
1284,1531,6
1284,1540,7
1284,1541,8
1284,1545,5
1284,1546,11
1284,1548,4
1284,1549,6
1284,1570,7
1284,1571,2
1284,1572,7
1284,1573,7
1284,1575,4
1284,1612,4
1284,1624,7
1284,1627,4
1284,1629,5
1284,1630,6
1284,1631,10
1284,1680,9
1285,7,5
1285,11,3
1285,13,3
1285,66,9
1285,116,8
1285,120,7
1285,137,4
1285,146,2
1285,168,5
1285,172,16
1285,179,3
1285,213,7
1285,246,7
1285,250,4
1285,267,14
1285,293,2
1285,302,7
1285,308,10
1285,326,7
1285,348,2
1285,457,4
1285,501,7
1285,578,4
1285,583,7
1285,593,6
1285,604,16
1285,707,1
1285,754,4
1285,802,6
1285,859,1
1285,949,6
1285,952,10
1285,968,4
1285,1017,6
1285,1036,8
1285,1049,1
1285,1082,2
1285,1085,9
1285,1149,2
1285,1163,12
1285,1247,3
1285,1280,1
1285,1284,3
1285,1286,3
1285,1298,1
1285,1307,5
1285,1319,20
1285,1331,5
1285,1332,5
1285,1342,2
1285,1351,3
1285,1359,3
1285,1361,3
1285,1368,5
1285,1369,6
1285,1377,11
1285,1379,10
1285,1380,4
1285,1383,8
1285,1384,6
1285,1385,6
1285,1387,4
1285,1408,6
1285,1409,18
1285,1412,1
1285,1424,11
1285,1437,2
1285,1440,1
1285,1448,2
1285,1452,1
1285,1454,9
1285,1531,12
1285,1540,5
1285,1541,9
1285,1542,3
1285,1545,2
1285,1546,12
1285,1549,6
1285,1570,17
1285,1571,1
1285,1572,6
1285,1573,3
1285,1612,4
1285,1624,5
1285,1627,4
1285,1629,7
1285,1630,12
1285,1631,10
1285,1680,8
1286,11,1
1286,13,1
1286,66,1
1286,116,1
1286,120,2
1286,137,1
1286,146,2
1286,172,3
1286,213,4
1286,250,2
1286,267,4
1286,293,4
1286,302,4
1286,308,1
1286,326,3
1286,348,2
1286,457,2
1286,466,1
1286,501,3
1286,578,8
1286,583,1
1286,593,2
1286,604,3
1286,655,1
1286,707,1
1286,952,1
1286,968,3
1286,1015,1
1286,1017,1
1286,1036,2
1286,1049,1
1286,1082,2
1286,1085,4
1286,1163,1
1286,1247,1
1286,1280,3
1286,1284,1
1286,1285,3
1286,1298,5
1286,1307,2
1286,1319,3
1286,1331,1
1286,1332,1
1286,1336,2
1286,1342,1
1286,1351,1
1286,1361,1
1286,1368,1
1286,1369,1
1286,1377,2
1286,1379,9
1286,1380,2
1286,1383,3
1286,1384,2
1286,1385,3
1286,1387,2
1286,1409,3
1286,1412,2
1286,1424,1
1286,1437,1
1286,1440,1
1286,1447,1
1286,1452,3
1286,1454,3
1286,1540,3
1286,1541,4
1286,1542,4
1286,1545,2
1286,1546,7
1286,1549,1
1286,1570,4
1286,1571,2
1286,1572,1
1286,1573,1
1286,1575,1
1286,1612,2
1286,1631,3
1286,1680,5
1298,13,2
1298,66,3
1298,116,1
1298,120,3
1298,137,2
1298,146,1
1298,213,1
1298,246,3
1298,250,3
1298,267,1
1298,293,1
1298,302,1
1298,308,2
1298,326,1
1298,348,1
1298,457,1
1298,466,1
1298,578,1
1298,583,1
1298,604,3
1298,802,1
1298,859,1
1298,949,1
1298,952,2
1298,968,1
1298,1015,1
1298,1017,1
1298,1036,1
1298,1049,1
1298,1082,1
1298,1085,2
1298,1149,4
1298,1163,2
1298,1247,1
1298,1280,1
1298,1285,1
1298,1286,1
1298,1307,1
1298,1331,1
1298,1332,1
1298,1351,2
1298,1359,1
1298,1361,1
1298,1368,1
1298,1369,2
1298,1377,1
1298,1379,1
1298,1385,2
1298,1408,2
1298,1409,1
1298,1424,1
1298,1437,1
1298,1440,2
1298,1448,2
1298,1452,1
1298,1454,1
1298,1531,1
1298,1540,3
1298,1541,1
1298,1542,2
1298,1545,2
1298,1546,3
1298,1548,1
1298,1570,3
1298,1572,1
1298,1573,1
1298,1624,3
1298,1629,2
1298,1630,1
1298,1631,1
1298,1680,1
1299,11,1
1299,13,1
1299,146,1
1299,168,1
1299,267,1
1299,293,2
1299,308,1
1299,326,2
1299,453,1
1299,578,1
1299,604,1
1299,859,1
1299,952,3
1299,1015,1
1299,1049,1
1299,1149,1
1299,1285,1
1299,1286,1
1299,1298,1
1299,1307,1
1299,1319,1
1299,1336,1
1299,1359,1
1299,1379,1
1299,1380,2
1299,1383,1
1299,1385,1
1299,1395,1
1299,1424,3
1299,1437,1
1299,1440,3
1299,1447,1
1299,1452,1
1299,1540,1
1299,1541,1
1299,1542,1
1299,1572,1
1299,1575,2
1307,13,1
1307,66,1
1307,120,1
1307,172,1
1307,213,5
1307,250,2
1307,267,3
1307,293,1
1307,308,6
1307,453,2
1307,457,1
1307,501,2
1307,578,3
1307,593,1
1307,604,8
1307,655,1
1307,802,1
1307,952,3
1307,968,2
1307,1036,1
1307,1085,2
1307,1149,2
1307,1163,2
1307,1285,4
1307,1286,2
1307,1298,1
1307,1319,2
1307,1331,1
1307,1336,1
1307,1342,1
1307,1351,1
1307,1359,3
1307,1368,3
1307,1377,1
1307,1379,3
1307,1383,1
1307,1384,2
1307,1385,1
1307,1408,2
1307,1409,1
1307,1412,1
1307,1424,3
1307,1452,1
1307,1454,2
1307,1531,2
1307,1540,1
1307,1541,1
1307,1546,3
1307,1549,1
1307,1570,5
1307,1571,1
1307,1572,1
1307,1573,1
1307,1624,3
1307,1629,2
1307,1631,1
1319,7,2
1319,11,4
1319,13,3
1319,66,3
1319,116,2
1319,120,2
1319,137,1
1319,146,1
1319,168,3
1319,172,2
1319,179,2
1319,213,5
1319,246,3
1319,250,4
1319,267,3
1319,293,4
1319,302,2
1319,308,2
1319,326,2
1319,348,1
1319,457,1
1319,466,1
1319,501,2
1319,578,2
1319,583,2
1319,593,1
1319,604,3
1319,655,6
1319,707,1
1319,754,1
1319,802,4
1319,859,1
1319,949,1
1319,952,4
1319,968,2
1319,1015,1
1319,1017,1
1319,1036,3
1319,1049,3
1319,1082,2
1319,1085,3
1319,1149,2
1319,1163,2
1319,1247,2
1319,1280,3
1319,1284,3
1319,1285,14
1319,1286,4
1319,1298,2
1319,1299,1
1319,1307,2
1319,1331,1
1319,1332,1
1319,1336,4
1319,1342,4
1319,1351,4
1319,1359,1
1319,1361,1
1319,1368,4
1319,1369,3
1319,1377,3
1319,1379,3
1319,1380,1
1319,1383,2
1319,1384,2
1319,1385,3
1319,1387,4
1319,1395,1
1319,1408,2
1319,1409,2
1319,1412,1
1319,1424,2
1319,1437,2
1319,1440,1
1319,1447,2
1319,1452,2
1319,1454,1
1319,1531,2
1319,1540,3
1319,1541,3
1319,1542,2
1319,1545,6
1319,1546,5
1319,1549,2
1319,1570,3
1319,1572,2
1319,1573,2
1319,1575,2
1319,1612,2
1319,1624,2
1319,1627,1
1319,1629,1
1319,1630,3
1319,1631,3
1319,1680,2
1331,13,2
1331,116,2
1331,120,1
1331,168,1
1331,172,1
1331,213,1
1331,246,2
1331,267,1
1331,293,1
1331,302,2
1331,308,1
1331,326,4
1331,457,3
1331,466,1
1331,501,4
1331,578,1
1331,593,8
1331,604,2
1331,754,2
1331,802,2
1331,952,3
1331,968,1
1331,1017,1
1331,1036,4
1331,1082,1
1331,1163,4
1331,1247,6
1331,1280,1
1331,1284,2
1331,1285,1
1331,1286,1
1331,1298,1
1331,1307,1
1331,1319,1
1331,1332,1
1331,1342,1
1331,1351,2
1331,1359,1
1331,1368,1
1331,1369,1
1331,1377,5
1331,1379,4
1331,1380,15
1331,1383,8
1331,1384,3
1331,1385,2
1331,1408,2
1331,1409,1
1331,1424,1
1331,1452,2
1331,1454,5
1331,1531,1
1331,1540,3
1331,1541,9
1331,1542,1
1331,1545,1
1331,1546,3
1331,1548,1
1331,1549,1
1331,1570,2
1331,1572,1
1331,1573,2
1331,1575,1
1331,1612,2
1331,1624,3
1331,1629,5
1331,1630,4
1331,1631,2
1332,7,9
1332,11,2
1332,13,4
1332,66,5
1332,116,36
1332,120,5
1332,137,8
1332,146,3
1332,168,1
1332,172,12
1332,179,4
1332,213,6
1332,246,5
1332,250,2
1332,267,6
1332,293,7
1332,302,9
1332,308,4
1332,326,17
1332,348,3
1332,453,3
1332,457,5
1332,466,3
1332,501,4
1332,578,5
1332,583,4
1332,593,12
1332,604,6
1332,655,11
1332,707,2
1332,754,4
1332,802,10
1332,859,5
1332,949,7
1332,952,11
1332,968,4
1332,1015,2
1332,1017,8
1332,1036,12
1332,1049,3
1332,1082,4
1332,1085,11
1332,1149,4
1332,1163,9
1332,1247,13
1332,1280,2
1332,1284,5
1332,1285,12
1332,1286,3
1332,1298,2
1332,1299,3
1332,1307,2
1332,1319,5
1332,1331,11
1332,1336,2
1332,1342,6
1332,1351,8
1332,1359,9
1332,1361,4
1332,1368,8
1332,1369,7
1332,1377,15
1332,1379,8
1332,1380,5
1332,1383,16
1332,1384,7
1332,1385,9
1332,1387,4
1332,1395,2
1332,1408,3
1332,1409,13
1332,1424,2
1332,1437,5
1332,1440,2
1332,1447,2
1332,1448,3
1332,1452,6
1332,1454,7
1332,1531,5
1332,1540,10
1332,1541,8
1332,1542,2
1332,1545,5
1332,1546,13
1332,1548,8
1332,1549,8
1332,1570,5
1332,1571,4
1332,1572,4
1332,1573,5
1332,1575,5
1332,1612,9
1332,1624,6
1332,1627,5
1332,1629,6
1332,1630,21
1332,1631,11
1332,1680,7
1336,7,2
1336,11,2
1336,13,3
1336,66,2
1336,116,1
1336,120,4
1336,137,4
1336,146,4
1336,168,1
1336,172,1
1336,213,4
1336,246,2
1336,250,1
1336,267,2
1336,293,8
1336,302,7
1336,308,4
1336,326,5
1336,348,2
1336,457,2
1336,501,4
1336,578,8
1336,583,1
1336,593,7
1336,604,4
1336,655,1
1336,707,1
1336,802,5
1336,859,3
1336,949,5
1336,952,1
1336,968,5
1336,1015,4
1336,1017,2
1336,1036,1
1336,1085,2
1336,1149,2
1336,1163,5
1336,1247,1
1336,1280,1
1336,1284,4
1336,1285,4
1336,1286,4
1336,1298,2
1336,1307,1
1336,1319,4
1336,1331,4
1336,1332,3
1336,1342,1
1336,1351,3
1336,1359,6
1336,1368,5
1336,1369,3
1336,1377,8
1336,1379,2
1336,1383,6
1336,1384,1
1336,1385,4
1336,1387,5
1336,1395,1
1336,1408,2
1336,1409,7
1336,1424,2
1336,1437,2
1336,1440,2
1336,1447,6
1336,1448,3
1336,1452,7
1336,1454,2
1336,1531,1
1336,1540,4
1336,1541,6
1336,1542,3
1336,1545,4
1336,1546,3
1336,1548,5
1336,1549,3
1336,1570,3
1336,1571,2
1336,1572,3
1336,1573,3
1336,1575,2
1336,1612,4
1336,1624,5
1336,1627,1
1336,1629,1
1336,1630,4
1336,1631,8
1336,1680,2
1342,7,3
1342,13,5
1342,66,1
1342,116,5
1342,120,5
1342,137,2
1342,146,1
1342,172,1
1342,179,2
1342,213,3
1342,246,1
1342,250,2
1342,267,2
1342,293,5
1342,302,6
1342,308,1
1342,326,5
1342,348,3
1342,453,3
1342,457,4
1342,501,2
1342,578,3
1342,583,2
1342,593,5
1342,604,5
1342,655,3
1342,707,1
1342,754,5
1342,802,5
1342,859,15
1342,949,2
1342,952,5
1342,968,1
1342,1017,4
1342,1036,5
1342,1082,1
1342,1085,3
1342,1149,2
1342,1163,8
1342,1247,1
1342,1280,1
1342,1284,1
1342,1285,7
1342,1286,1
1342,1298,1
1342,1299,1
1342,1307,1
1342,1319,1
1342,1331,2
1342,1332,7
1342,1336,1
1342,1351,3
1342,1359,2
1342,1361,3
1342,1368,2
1342,1369,3
1342,1377,7
1342,1379,5
1342,1380,2
1342,1383,3
1342,1384,4
1342,1385,8
1342,1387,3
1342,1408,3
1342,1409,5
1342,1412,2
1342,1424,9
1342,1437,3
1342,1447,5
1342,1448,1
1342,1452,4
1342,1454,4
1342,1531,3
1342,1540,4
1342,1541,4
1342,1542,1
1342,1545,3
1342,1546,7
1342,1548,4
1342,1549,2
1342,1570,8
1342,1571,2
1342,1572,5
1342,1573,3
1342,1575,1
1342,1612,7
1342,1624,6
1342,1627,2
1342,1629,3
1342,1630,3
1342,1631,5
1342,1680,4
1351,7,8
1351,11,9
1351,13,8
1351,66,10
1351,116,6
1351,120,11
1351,137,10
1351,146,8
1351,168,8
1351,172,8
1351,179,3
1351,213,6
1351,246,10
1351,250,9
1351,267,9
1351,293,15
1351,302,8
1351,308,9
1351,326,9
1351,348,7
1351,453,2
1351,457,13
1351,466,3
1351,501,6
1351,578,14
1351,583,7
1351,593,10
1351,604,11
1351,655,5
1351,707,5
1351,754,2
1351,802,8
1351,859,6
1351,949,2
1351,952,10
1351,968,7
1351,1015,6
1351,1017,6
1351,1036,12
1351,1049,5
1351,1082,6
1351,1085,11
1351,1149,7
1351,1163,11
1351,1247,9
1351,1280,9
1351,1284,8
1351,1285,9
1351,1286,7
1351,1298,7
1351,1299,3
1351,1307,7
1351,1319,9
1351,1331,6
1351,1332,12
1351,1336,8
1351,1342,8
1351,1359,12
1351,1361,6
1351,1368,8
1351,1369,9
1351,1377,11
1351,1379,11
1351,1380,5
1351,1383,14
1351,1384,6
1351,1385,10
1351,1387,5
1351,1395,3
1351,1408,10
1351,1409,8
1351,1412,4
1351,1424,8
1351,1437,7
1351,1440,6
1351,1447,3
1351,1448,10
1351,1452,6
1351,1454,6
1351,1531,12
1351,1540,9
1351,1541,9
1351,1542,7
1351,1545,7
1351,1546,11
1351,1548,6
1351,1549,12
1351,1570,12
1351,1571,6
1351,1572,8
1351,1573,8
1351,1575,7
1351,1612,7
1351,1624,8
1351,1627,7
1351,1629,10
1351,1630,8
1351,1631,11
1351,1680,6
1351,1690,1
1359,11,2
1359,13,5
1359,137,1
1359,213,1
1359,246,2
1359,293,3
1359,302,1
1359,326,1
1359,348,1
1359,453,1
1359,457,1
1359,578,2
1359,655,3
1359,707,3
1359,754,1
1359,802,1
1359,859,1
1359,952,1
1359,1015,2
1359,1049,2
1359,1082,3
1359,1163,2
1359,1280,1
1359,1284,3
1359,1286,2
1359,1331,1
1359,1336,1
1359,1342,2
1359,1351,2
1359,1379,2
1359,1383,1
1359,1384,1
1359,1385,2
1359,1387,2
1359,1395,1
1359,1408,2
1359,1437,1
1359,1448,4
1359,1452,2
1359,1454,2
1359,1531,1
1359,1542,1
1359,1545,3
1359,1546,1
1359,1548,1
1359,1549,3
1359,1571,1
1359,1572,1
1359,1573,1
1359,1575,1
1359,1612,1
1359,1624,2
1361,66,1
1361,116,5
1361,120,10
1361,137,1
1361,172,2
1361,179,2
1361,213,4
1361,267,1
1361,293,1
1361,302,2
1361,308,7
1361,326,4
1361,348,1
1361,457,1
1361,466,1
1361,501,3
1361,593,2
1361,604,1
1361,707,1
1361,754,9
1361,802,4
1361,859,5
1361,949,1
1361,952,6
1361,1017,4
1361,1036,4
1361,1085,3
1361,1163,3
1361,1247,5
1361,1284,5
1361,1298,5
1361,1299,2
1361,1331,1
1361,1332,5
1361,1342,1
1361,1351,1
1361,1368,6
1361,1369,9
1361,1377,2
1361,1379,8
1361,1380,2
1361,1383,1
1361,1384,1
1361,1385,3
1361,1409,1
1361,1424,7
1361,1437,3
1361,1440,8
1361,1448,10
1361,1452,1
1361,1454,2
1361,1540,11
1361,1541,2
1361,1546,3
1361,1549,3
1361,1570,1
1361,1572,1
1361,1573,2
1361,1612,1
1361,1624,5
1361,1627,1
1361,1629,3
1361,1630,2
1361,1631,4
1361,1680,2
1368,7,1
1368,11,6
1368,13,5
1368,66,2
1368,116,6
1368,120,1
1368,137,5
1368,146,3
1368,172,5
1368,179,1
1368,213,6
1368,246,4
1368,250,3
1368,293,3
1368,302,3
1368,308,2
1368,326,6
1368,348,2
1368,453,6
1368,501,1
1368,578,9
1368,583,4
1368,593,1
1368,604,3
1368,655,4
1368,707,6
1368,754,2
1368,802,7
1368,859,2
1368,949,1
1368,952,2
1368,968,2
1368,1015,1
1368,1017,1
1368,1036,3
1368,1049,1
1368,1082,6
1368,1085,9
1368,1149,1
1368,1163,1
1368,1247,1
1368,1280,2
1368,1284,3
1368,1285,6
1368,1286,3
1368,1298,4
1368,1299,1
1368,1307,2
1368,1319,6
1368,1331,4
1368,1332,10
1368,1336,2
1368,1351,3
1368,1359,5
1368,1361,3
1368,1369,5
1368,1377,2
1368,1379,1
1368,1383,3
1368,1384,5
1368,1385,5
1368,1387,1
1368,1395,2
1368,1408,5
1368,1409,6
1368,1412,2
1368,1424,2
1368,1437,2
1368,1440,3
1368,1448,1
1368,1452,5
1368,1454,1
1368,1531,8
1368,1540,4
1368,1541,9
1368,1542,2
1368,1545,1
1368,1546,8
1368,1548,5
1368,1549,4
1368,1570,6
1368,1571,4
1368,1572,2
1368,1573,2
1368,1575,2
1368,1612,2
1368,1624,5
1368,1627,2
1368,1629,3
1368,1630,2
1368,1631,8
1368,1680,5
1369,7,5
1369,11,1
1369,13,1
1369,116,1
1369,120,1
1369,146,1
1369,168,1
1369,172,1
1369,308,1
1369,326,2
1369,348,1
1369,578,2
1369,583,1
1369,802,1
1369,952,1
1369,1017,1
1369,1085,1
1369,1285,5
1369,1332,1
1369,1368,2
1369,1377,1
1369,1384,1
1369,1385,1
1369,1387,1
1369,1409,2
1369,1440,1
1369,1531,1
1369,1541,1
1369,1546,2
1369,1570,1
1369,1573,1
1369,1624,1
1369,1630,1
1369,1631,1
1377,7,9
1377,13,1
1377,66,9
1377,116,11
1377,120,4
1377,137,11
1377,146,1
1377,172,12
1377,179,6
1377,213,4
1377,246,2
1377,267,16
1377,293,9
1377,302,19
1377,308,3
1377,326,22
1377,348,2
1377,453,1
1377,457,2
1377,466,4
1377,501,12
1377,578,2
1377,583,1
1377,593,14
1377,604,8
1377,655,2
1377,707,1
1377,754,4
1377,802,13
1377,859,3
1377,949,14
1377,952,11
1377,968,2
1377,1015,1
1377,1017,11
1377,1036,9
1377,1049,1
1377,1082,1
1377,1085,10
1377,1163,13
1377,1247,5
1377,1280,1
1377,1284,7
1377,1285,19
1377,1286,4
1377,1299,3
1377,1307,3
1377,1319,1
1377,1331,12
1377,1332,15
1377,1336,5
1377,1342,9
1377,1351,4
1377,1359,3
1377,1361,5
1377,1368,6
1377,1369,11
1377,1379,24
1377,1380,7
1377,1383,17
1377,1384,9
1377,1385,11
1377,1387,3
1377,1409,14
1377,1412,1
1377,1424,10
1377,1437,6
1377,1440,4
1377,1448,2
1377,1452,2
1377,1454,18
1377,1531,9
1377,1540,5
1377,1541,17
1377,1545,4
1377,1546,14
1377,1548,3
1377,1549,9
1377,1570,5
1377,1571,2
1377,1572,9
1377,1573,14
1377,1575,1
1377,1612,9
1377,1624,3
1377,1627,2
1377,1629,9
1377,1630,17
1377,1631,25
1377,1680,6
1379,7,8
1379,11,2
1379,13,7
1379,66,7
1379,116,9
1379,120,6
1379,137,2
1379,146,2
1379,168,1
1379,172,11
1379,179,2
1379,213,2
1379,246,4
1379,250,4
1379,267,10
1379,293,5
1379,302,8
1379,308,2
1379,326,9
1379,348,5
1379,457,5
1379,466,3
1379,501,12
1379,578,4
1379,583,2
1379,593,11
1379,604,11
1379,754,3
1379,802,8
1379,859,4
1379,949,10
1379,952,6
1379,968,2
1379,1015,4
1379,1017,12
1379,1036,10
1379,1082,2
1379,1085,15
1379,1149,1
1379,1163,12
1379,1247,6
1379,1280,7
1379,1284,5
1379,1285,12
1379,1286,14
1379,1298,8
1379,1299,1
1379,1307,2
1379,1319,3
1379,1331,4
1379,1332,5
1379,1336,4
1379,1342,4
1379,1351,5
1379,1359,5
1379,1361,13
1379,1368,5
1379,1369,7
1379,1377,19
1379,1380,4
1379,1383,9
1379,1384,13
1379,1385,16
1379,1387,5
1379,1408,4
1379,1409,13
1379,1424,4
1379,1437,4
1379,1440,3
1379,1447,1
1379,1448,1
1379,1452,5
1379,1454,13
1379,1531,7
1379,1540,14
1379,1541,10
1379,1542,6
1379,1545,3
1379,1546,14
1379,1549,6
1379,1570,6
1379,1571,2
1379,1572,2
1379,1573,6
1379,1575,1
1379,1612,7
1379,1624,5
1379,1627,2
1379,1629,6
1379,1630,10
1379,1631,10
1379,1680,12
1380,116,1
1380,120,3
1380,172,1
1380,293,3
1380,308,1
1380,326,3
1380,457,1
1380,501,2
1380,604,2
1380,802,1
1380,859,2
1380,949,2
1380,952,2
1380,1036,4
1380,1085,1
1380,1285,2
1380,1307,1
1380,1331,4
1380,1332,3
1380,1342,4
1380,1351,3
1380,1377,2
1380,1379,3
1380,1383,2
1380,1384,1
1380,1385,1
1380,1408,1
1380,1424,3
1380,1437,1
1380,1448,1
1380,1454,1
1380,1542,1
1380,1546,3
1380,1548,1
1380,1549,1
1380,1570,3
1380,1572,1
1380,1612,1
1380,1624,3
1380,1630,3
1380,1680,2
1383,7,1
1383,13,2
1383,66,2
1383,116,5
1383,120,2
1383,137,4
1383,146,2
1383,168,1
1383,172,5
1383,179,1
1383,213,2
1383,250,1
1383,267,7
1383,293,2
1383,302,8
1383,308,2
1383,326,9
1383,457,4
1383,466,1
1383,501,6
1383,578,1
1383,583,1
1383,593,9
1383,604,8
1383,655,1
1383,754,2
1383,802,3
1383,859,2
1383,949,2
1383,952,4
1383,1015,1
1383,1017,3
1383,1036,8
1383,1049,1
1383,1082,2
1383,1085,3
1383,1163,4
1383,1247,1
1383,1280,3
1383,1284,6
1383,1285,6
1383,1298,1
1383,1307,2
1383,1319,2
1383,1331,11
1383,1332,4
1383,1342,2
1383,1351,11
1383,1359,1
1383,1369,2
1383,1377,8
1383,1379,5
1383,1380,2
1383,1384,3
1383,1385,3
1383,1395,2
1383,1408,1
1383,1409,5
1383,1412,1
1383,1424,1
1383,1437,5
1383,1447,1
1383,1448,1
1383,1452,3
1383,1454,3
1383,1531,4
1383,1540,2
1383,1541,6
1383,1545,1
1383,1546,5
1383,1548,1
1383,1549,1
1383,1570,2
1383,1573,3
1383,1612,4
1383,1624,3
1383,1627,1
1383,1629,2
1383,1630,5
1383,1631,7
1383,1680,3
1384,7,3
1384,11,1
1384,13,2
1384,66,4
1384,120,1
1384,146,2
1384,168,1
1384,172,3
1384,246,2
1384,250,1
1384,267,1
1384,293,6
1384,308,1
1384,326,7
1384,457,3
1384,578,2
1384,583,3
1384,593,4
1384,604,2
1384,655,1
1384,707,1
1384,754,3
1384,859,2
1384,949,4
1384,952,3
1384,968,1
1384,1015,1
1384,1017,2
1384,1036,4
1384,1082,1
1384,1085,1
1384,1149,1
1384,1163,1
1384,1284,1
1384,1285,2
1384,1286,1
1384,1298,1
1384,1299,1
1384,1331,2
1384,1332,2
1384,1342,1
1384,1359,1
1384,1361,1
1384,1368,1
1384,1369,4
1384,1377,5
1384,1379,2
1384,1380,2
1384,1383,4
1384,1385,4
1384,1387,2
1384,1395,1
1384,1409,1
1384,1412,1
1384,1424,2
1384,1437,3
1384,1447,1
1384,1448,1
1384,1452,4
1384,1531,20
1384,1540,3
1384,1541,3
1384,1545,2
1384,1546,3
1384,1548,3
1384,1549,1
1384,1571,2
1384,1572,3
1384,1575,4
1384,1612,1
1384,1627,1
1384,1629,5
1384,1630,3
1384,1631,5
1384,1680,1
1385,7,3
1385,11,4
1385,13,4
1385,66,2
1385,116,6
1385,120,5
1385,137,2
1385,146,3
1385,168,1
1385,172,2
1385,179,4
1385,213,7
1385,246,1
1385,250,2
1385,267,5
1385,293,4
1385,302,6
1385,308,4
1385,326,9
1385,348,2
1385,457,2
1385,466,1
1385,501,7
1385,578,6
1385,583,1
1385,593,3
1385,604,5
1385,655,2
1385,707,1
1385,754,5
1385,802,4
1385,859,4
1385,949,2
1385,952,1
1385,1015,4
1385,1017,4
1385,1036,6
1385,1049,1
1385,1082,2
1385,1085,4
1385,1163,7
1385,1247,3
1385,1280,2
1385,1284,2
1385,1285,2
1385,1286,3
1385,1298,1
1385,1299,1
1385,1319,5
1385,1331,6
1385,1332,4
1385,1336,4
1385,1342,6
1385,1351,5
1385,1359,2
1385,1361,3
1385,1368,1
1385,1377,3
1385,1379,7
1385,1380,4
1385,1383,5
1385,1384,4
1385,1387,3
1385,1395,2
1385,1408,1
1385,1409,3
1385,1412,1
1385,1437,5
1385,1440,1
1385,1447,4
1385,1448,1
1385,1452,5
1385,1454,2
1385,1531,6
1385,1540,8
1385,1541,3
1385,1542,1
1385,1545,1
1385,1546,7
1385,1548,4
1385,1549,3
1385,1570,3
1385,1571,1
1385,1572,8
1385,1573,4
1385,1575,2
1385,1612,2
1385,1624,6
1385,1627,1
1385,1629,5
1385,1630,5
1385,1631,7
1385,1680,4
1387,11,1
1387,66,1
1387,116,1
1387,120,2
1387,146,1
1387,213,8
1387,246,3
1387,250,1
1387,267,1
1387,293,2
1387,302,2
1387,308,1
1387,326,1
1387,348,1
1387,457,2
1387,501,4
1387,578,1
1387,604,2
1387,859,1
1387,949,1
1387,952,1
1387,968,4
1387,1015,1
1387,1036,3
1387,1082,2
1387,1149,1
1387,1163,1
1387,1247,1
1387,1284,2
1387,1285,2
1387,1286,2
1387,1298,1
1387,1307,1
1387,1319,3
1387,1331,1
1387,1342,1
1387,1351,1
1387,1359,4
1387,1369,1
1387,1377,1
1387,1379,2
1387,1383,3
1387,1384,1
1387,1385,1
1387,1395,2
1387,1408,2
1387,1409,1
1387,1412,1
1387,1437,2
1387,1531,1
1387,1540,1
1387,1545,10
1387,1570,1
1387,1571,2
1387,1572,4
1387,1612,3
1387,1624,2
1387,1627,1
1387,1629,2
1387,1630,1
1395,7,2
1395,11,6
1395,13,2
1395,66,1
1395,116,4
1395,120,4
1395,137,4
1395,146,9
1395,168,2
1395,172,2
1395,179,2
1395,213,3
1395,246,2
1395,250,3
1395,267,2
1395,293,4
1395,302,2
1395,308,2
1395,326,4
1395,348,5
1395,453,1
1395,457,4
1395,466,4
1395,578,5
1395,583,3
1395,593,2
1395,604,3
1395,655,5
1395,707,2
1395,754,1
1395,802,4
1395,859,2
1395,949,1
1395,952,2
1395,968,2
1395,1015,5
1395,1017,1
1395,1036,4
1395,1049,4
1395,1082,7
1395,1085,2
1395,1149,1
1395,1163,5
1395,1247,2
1395,1280,4
1395,1284,1
1395,1285,1
1395,1286,1
1395,1298,4
1395,1307,1
1395,1319,1
1395,1331,2
1395,1332,5
1395,1336,3
1395,1342,3
1395,1351,2
1395,1359,7
1395,1368,1
1395,1369,3
1395,1377,2
1395,1379,2
1395,1380,2
1395,1383,5
1395,1384,2
1395,1385,2
1395,1387,3
1395,1408,3
1395,1409,3
1395,1412,1
1395,1424,1
1395,1437,4
1395,1440,2
1395,1447,1
1395,1448,4
1395,1452,4
1395,1454,1
1395,1540,4
1395,1541,2
1395,1542,2
1395,1545,1
1395,1546,5
1395,1548,6
1395,1549,5
1395,1570,4
1395,1571,3
1395,1572,3
1395,1573,3
1395,1575,2
1395,1612,2
1395,1624,5
1395,1627,2
1395,1629,1
1395,1630,3
1395,1631,3
1395,1680,3
1408,7,2
1408,11,4
1408,13,4
1408,120,3
1408,137,4
1408,146,2
1408,168,4
1408,172,1
1408,213,5
1408,246,6
1408,250,3
1408,267,1
1408,293,2
1408,326,1
1408,348,2
1408,457,2
1408,466,2
1408,578,5
1408,583,6
1408,593,2
1408,604,2
1408,655,4
1408,707,2
1408,952,1
1408,968,2
1408,1015,1
1408,1017,2
1408,1049,4
1408,1082,1
1408,1149,4
1408,1163,1
1408,1280,3
1408,1284,2
1408,1285,3
1408,1286,4
1408,1298,5
1408,1307,2
1408,1319,4
1408,1332,1
1408,1336,2
1408,1342,2
1408,1351,1
1408,1359,4
1408,1361,1
1408,1368,2
1408,1369,2
1408,1379,1
1408,1387,1
1408,1409,2
1408,1412,1
1408,1424,1
1408,1440,17
1408,1447,3
1408,1452,3
1408,1454,1
1408,1531,1
1408,1540,2
1408,1541,1
1408,1542,3
1408,1545,6
1408,1546,1
1408,1548,1
1408,1549,2
1408,1570,1
1408,1575,3
1408,1612,1
1408,1624,2
1408,1627,1
1409,7,1
1409,66,1
1409,116,4
1409,120,1
1409,172,18
1409,179,1
1409,213,3
1409,246,3
1409,250,1
1409,267,3
1409,293,1
1409,302,3
1409,308,3
1409,326,3
1409,593,2
1409,604,2
1409,754,1
1409,802,3
1409,949,3
1409,952,1
1409,968,1
1409,1015,1
1409,1017,2
1409,1036,3
1409,1085,3
1409,1163,2
1409,1247,3
1409,1285,3
1409,1286,2
1409,1299,1
1409,1332,3
1409,1342,1
1409,1368,1
1409,1369,1
1409,1377,5
1409,1379,2
1409,1380,1
1409,1383,1
1409,1384,3
1409,1385,1
1409,1408,2
1409,1437,2
1409,1440,1
1409,1448,3
1409,1452,3
1409,1454,3
1409,1531,2
1409,1540,2
1409,1541,3
1409,1546,4
1409,1549,4
1409,1570,1
1409,1571,1
1409,1573,1
1409,1612,1
1409,1627,2
1409,1629,4
1409,1630,2
1409,1631,2
1409,1680,3
1412,13,1
1412,120,1
1412,146,3
1412,172,1
1412,250,1
1412,302,1
1412,326,3
1412,578,3
1412,583,4
1412,604,1
1412,655,3
1412,754,1
1412,859,1
1412,949,1
1412,968,4
1412,1017,1
1412,1036,2
1412,1085,1
1412,1163,1
1412,1280,1
1412,1284,1
1412,1285,1
1412,1286,1
1412,1307,1
1412,1319,1
1412,1331,1
1412,1336,1
1412,1342,2
1412,1351,1
1412,1368,1
1412,1379,2
1412,1380,1
1412,1384,1
1412,1385,2
1412,1387,3
1412,1395,1
1412,1408,1
1412,1437,1
1412,1440,1
1412,1447,1
1412,1452,1
1412,1540,1
1412,1541,1
1412,1542,1
1412,1545,2
1412,1548,1
1412,1571,3
1412,1572,3
1412,1624,1
1412,1630,1
1412,1631,2
1412,1680,2
1424,7,3
1424,11,1
1424,13,2
1424,66,4
1424,116,2
1424,120,3
1424,137,1
1424,146,1
1424,168,1
1424,172,2
1424,213,3
1424,246,8
1424,250,1
1424,267,6
1424,293,5
1424,302,1
1424,308,2
1424,326,5
1424,348,1
1424,457,2
1424,466,1
1424,501,3
1424,578,2
1424,583,1
1424,604,6
1424,754,1
1424,802,4
1424,859,2
1424,949,2
1424,952,3
1424,968,2
1424,1015,1
1424,1017,5
1424,1036,3
1424,1082,1
1424,1085,3
1424,1149,1
1424,1163,5
1424,1247,2
1424,1280,1
1424,1285,3
1424,1286,1
1424,1298,2
1424,1299,3
1424,1307,5
1424,1332,2
1424,1342,6
1424,1351,3
1424,1359,1
1424,1361,2
1424,1368,2
1424,1369,1
1424,1377,7
1424,1379,6
1424,1383,1
1424,1384,2
1424,1385,3
1424,1409,2
1424,1437,7
1424,1440,1
1424,1448,1
1424,1452,1
1424,1454,7
1424,1531,5
1424,1540,4
1424,1541,3
1424,1542,1
1424,1546,3
1424,1549,2
1424,1570,5
1424,1572,3
1424,1573,1
1424,1612,3
1424,1624,3
1424,1627,1
1424,1629,4
1424,1630,1
1424,1631,6
1424,1680,1
1437,7,1
1437,11,2
1437,13,6
1437,66,1
1437,116,5
1437,120,6
1437,146,2
1437,172,2
1437,179,5
1437,213,8
1437,246,2
1437,250,3
1437,267,2
1437,293,3
1437,302,4
1437,308,3
1437,326,8
1437,348,2
1437,453,1
1437,457,6
1437,466,4
1437,501,9
1437,578,3
1437,583,5
1437,593,8
1437,604,4
1437,707,1
1437,754,2
1437,802,8
1437,859,3
1437,949,5
1437,952,6
1437,968,2
1437,1015,8
1437,1017,5
1437,1036,7
1437,1049,3
1437,1082,2
1437,1085,10
1437,1149,5
1437,1163,6
1437,1247,3
1437,1280,4
1437,1284,9
1437,1285,4
1437,1286,3
1437,1298,3
1437,1299,1
1437,1307,2
1437,1319,4
1437,1331,5
1437,1332,9
1437,1336,2
1437,1342,3
1437,1351,2
1437,1359,3
1437,1361,6
1437,1368,4
1437,1369,5
1437,1377,7
1437,1379,7
1437,1380,5
1437,1383,5
1437,1384,6
1437,1385,5
1437,1387,2
1437,1395,2
1437,1408,4
1437,1409,5
1437,1412,2
1437,1424,7
1437,1440,4
1437,1447,5
1437,1448,3
1437,1452,6
1437,1454,3
1437,1531,4
1437,1540,6
1437,1541,6
1437,1542,3
1437,1545,2
1437,1546,5
1437,1548,6
1437,1549,4
1437,1570,3
1437,1571,4
1437,1572,4
1437,1573,5
1437,1575,2
1437,1612,6
1437,1624,4
1437,1627,2
1437,1629,3
1437,1630,6
1437,1631,8
1437,1680,4
1440,13,1
1440,116,1
1440,120,1
1440,146,1
1440,168,1
1440,172,1
1440,179,1
1440,250,1
1440,267,1
1440,293,1
1440,308,1
1440,457,2
1440,466,1
1440,501,2
1440,583,1
1440,593,2
1440,604,2
1440,802,1
1440,952,1
1440,1017,1
1440,1049,2
1440,1085,2
1440,1149,1
1440,1163,1
1440,1247,1
1440,1280,3
1440,1284,1
1440,1285,2
1440,1286,1
1440,1331,2
1440,1336,2
1440,1351,2
1440,1359,2
1440,1361,1
1440,1369,4
1440,1377,2
1440,1379,2
1440,1383,1
1440,1384,1
1440,1385,1
1440,1395,2
1440,1408,4
1440,1409,1
1440,1412,1
1440,1424,1
1440,1437,2
1440,1448,1
1440,1452,1
1440,1454,1
1440,1540,2
1440,1542,1
1440,1571,1
1440,1573,1
1440,1575,1
1440,1612,1
1440,1624,1
1440,1627,1
1440,1629,1
1440,1630,1
1440,1631,1
1440,1680,1
1447,7,1
1447,11,3
1447,13,2
1447,66,1
1447,120,1
1447,137,1
1447,146,2
1447,172,1
1447,213,4
1447,246,1
1447,250,1
1447,293,1
1447,326,1
1447,348,1
1447,453,2
1447,457,1
1447,578,1
1447,593,2
1447,655,3
1447,952,1
1447,1082,1
1447,1085,2
1447,1149,3
1447,1163,1
1447,1247,1
1447,1280,1
1447,1307,1
1447,1336,6
1447,1351,1
1447,1359,1
1447,1361,1
1447,1368,1
1447,1379,2
1447,1380,1
1447,1383,1
1447,1384,1
1447,1385,3
1447,1387,1
1447,1395,1
1447,1408,4
1447,1412,2
1447,1448,1
1447,1452,1
1447,1541,4
1447,1545,2
1447,1546,1
1447,1548,1
1447,1549,1
1447,1570,4
1447,1571,1
1447,1572,1
1447,1575,2
1447,1612,1
1447,1624,2
1448,7,1
1448,11,2
1448,13,6
1448,116,2
1448,120,2
1448,137,5
1448,146,6
1448,168,3
1448,172,1
1448,213,5
1448,246,2
1448,250,3
1448,293,3
1448,302,4
1448,308,1
1448,326,4
1448,348,2
1448,453,2
1448,457,2
1448,466,2
1448,578,5
1448,583,2
1448,593,1
1448,604,2
1448,707,4
1448,754,2
1448,949,2
1448,952,3
1448,968,3
1448,1015,4
1448,1017,2
1448,1036,1
1448,1049,4
1448,1082,4
1448,1085,1
1448,1163,3
1448,1280,3
1448,1284,4
1448,1285,3
1448,1286,3
1448,1298,1
1448,1299,4
1448,1307,1
1448,1319,4
1448,1331,1
1448,1332,1
1448,1336,2
1448,1342,4
1448,1351,7
1448,1359,8
1448,1361,35
1448,1368,5
1448,1369,4
1448,1377,2
1448,1379,6
1448,1380,2
1448,1384,3
1448,1385,4
1448,1387,2
1448,1395,2
1448,1408,1
1448,1409,1
1448,1412,2
1448,1424,1
1448,1437,4
1448,1440,2
1448,1447,3
1448,1452,7
1448,1454,1
1448,1540,5
1448,1541,2
1448,1542,2
1448,1545,4
1448,1546,5
1448,1548,8
1448,1549,1
1448,1570,4
1448,1571,3
1448,1572,1
1448,1573,4
1448,1575,2
1448,1624,6
1448,1629,2
1448,1630,18
1448,1631,1
1448,1680,1
1452,13,17
1452,120,1
1452,137,2
1452,213,2
1452,246,2
1452,250,2
1452,293,2
1452,308,1
1452,326,1
1452,348,1
1452,457,1
1452,466,1
1452,501,1
1452,578,1
1452,583,1
1452,593,3
1452,604,2
1452,802,3
1452,859,3
1452,952,2
1452,968,2
1452,1017,1
1452,1036,1
1452,1085,1
1452,1163,1
1452,1284,1
1452,1285,1
1452,1286,1
1452,1298,1
1452,1319,1
1452,1331,3
1452,1332,1
1452,1342,2
1452,1351,2
1452,1359,1
1452,1369,1
1452,1379,1
1452,1383,1
1452,1385,1
1452,1408,1
1452,1440,2
1452,1448,1
1452,1454,1
1452,1531,1
1452,1540,2
1452,1541,2
1452,1542,1
1452,1545,2
1452,1546,2
1452,1548,1
1452,1549,2
1452,1570,1
1452,1571,1
1452,1575,1
1452,1624,2
1452,1629,1
1452,1630,1
1452,1631,1
1452,1680,1
1454,7,1
1454,13,1
1454,116,5
1454,120,1
1454,137,1
1454,146,1
1454,172,3
1454,179,1
1454,213,2
1454,250,1
1454,267,5
1454,293,5
1454,302,8
1454,308,5
1454,326,6
1454,348,1
1454,457,1
1454,466,1
1454,501,4
1454,578,1
1454,593,2
1454,604,4
1454,802,7
1454,859,1
1454,949,3
1454,952,6
1454,968,1
1454,1017,5
1454,1036,7
1454,1082,1
1454,1085,1
1454,1163,4
1454,1280,1
1454,1284,2
1454,1285,5
1454,1286,2
1454,1298,1
1454,1299,1
1454,1307,1
1454,1319,1
1454,1331,6
1454,1332,4
1454,1359,1
1454,1361,1
1454,1369,5
1454,1377,8
1454,1379,6
1454,1380,2
1454,1383,2
1454,1384,3
1454,1385,2
1454,1395,1
1454,1408,1
1454,1409,7
1454,1412,1
1454,1424,1
1454,1437,1
1454,1452,1
1454,1531,8
1454,1540,1
1454,1541,2
1454,1545,1
1454,1546,6
1454,1549,1
1454,1570,3
1454,1572,3
1454,1573,2
1454,1575,2
1454,1612,1
1454,1624,1
1454,1627,1
1454,1629,20
1454,1630,10
1454,1631,7
1454,1680,3
1531,13,1
1531,116,3
1531,120,2
1531,267,2
1531,293,1
1531,308,2
1531,326,5
1531,593,1
1531,604,3
1531,655,1
1531,802,2
1531,1036,5
1531,1085,1
1531,1285,1
1531,1319,2
1531,1331,3
1531,1377,1
1531,1380,3
1531,1383,1
1531,1384,7
1531,1412,1
1531,1424,1
1531,1452,1
1531,1454,3
1531,1546,1
1531,1571,3
1531,1572,3
1531,1575,1
1531,1612,1
1531,1624,1
1531,1629,4
1531,1630,2
1531,1631,5
1531,1680,3
1540,7,3
1540,11,1
1540,13,4
1540,66,1
1540,116,4
1540,120,3
1540,137,2
1540,146,2
1540,172,2
1540,179,3
1540,213,3
1540,246,2
1540,250,2
1540,267,1
1540,293,1
1540,302,2
1540,308,1
1540,326,9
1540,348,1
1540,501,2
1540,583,2
1540,593,2
1540,604,6
1540,754,1
1540,802,4
1540,859,2
1540,949,2
1540,952,5
1540,1017,1
1540,1036,2
1540,1085,2
1540,1163,2
1540,1247,3
1540,1280,2
1540,1284,4
1540,1285,5
1540,1299,1
1540,1307,2
1540,1319,1
1540,1331,5
1540,1332,3
1540,1342,1
1540,1351,2
1540,1361,5
1540,1368,2
1540,1369,4
1540,1377,4
1540,1379,4
1540,1380,1
1540,1383,2
1540,1384,4
1540,1385,5
1540,1387,1
1540,1409,4
1540,1424,2
1540,1437,1
1540,1440,1
1540,1448,2
1540,1452,2
1540,1531,1
1540,1542,1
1540,1545,2
1540,1546,8
1540,1548,2
1540,1549,2
1540,1570,1
1540,1573,2
1540,1624,20
1540,1627,2
1540,1629,6
1540,1630,3
1540,1631,5
1540,1680,5
1541,7,1
1541,11,3
1541,13,3
1541,116,2
1541,120,4
1541,137,1
1541,172,2
1541,179,3
1541,213,5
1541,250,1
1541,267,2
1541,293,7
1541,302,3
1541,308,3
1541,326,3
1541,348,1
1541,457,1
1541,466,5
1541,501,1
1541,578,11
1541,593,6
1541,604,9
1541,655,1
1541,754,1
1541,802,5
1541,859,1
1541,949,7
1541,952,1
1541,968,4
1541,1015,3
1541,1017,4
1541,1036,3
1541,1082,1
1541,1085,15
1541,1149,2
1541,1163,3
1541,1247,1
1541,1280,1
1541,1285,7
1541,1286,4
1541,1298,3
1541,1307,5
1541,1319,2
1541,1331,7
1541,1332,3
1541,1336,3
1541,1351,3
1541,1359,1
1541,1368,4
1541,1369,1
1541,1377,3
1541,1379,6
1541,1380,1
1541,1383,4
1541,1384,4
1541,1385,6
1541,1387,3
1541,1408,3
1541,1409,5
1541,1424,2
1541,1437,4
1541,1440,1
1541,1452,8
1541,1454,3
1541,1531,4
1541,1540,7
1541,1542,4
1541,1545,2
1541,1546,12
1541,1548,3
1541,1549,6
1541,1570,3
1541,1571,1
1541,1572,3
1541,1573,2
1541,1575,2
1541,1612,5
1541,1624,4
1541,1627,2
1541,1629,6
1541,1630,1
1541,1631,4
1541,1680,3
1542,11,1
1542,13,3
1542,116,1
1542,137,1
1542,146,1
1542,172,1
1542,246,1
1542,250,1
1542,308,2
1542,348,2
1542,453,1
1542,457,1
1542,578,2
1542,604,2
1542,952,1
1542,968,1
1542,1015,1
1542,1017,1
1542,1082,1
1542,1085,1
1542,1149,4
1542,1280,1
1542,1285,1
1542,1298,2
1542,1332,1
1542,1336,2
1542,1342,1
1542,1359,1
1542,1368,1
1542,1379,1
1542,1385,1
1542,1408,1
1542,1440,1
1542,1531,1
1542,1545,2
1542,1548,1
1542,1572,1
1542,1575,1
1545,7,1
1545,11,2
1545,13,3
1545,66,2
1545,116,4
1545,120,4
1545,137,2
1545,146,2
1545,179,1
1545,213,2
1545,246,2
1545,250,1
1545,267,5
1545,293,4
1545,302,5
1545,308,1
1545,326,5
1545,348,4
1545,453,2
1545,457,2
1545,501,3
1545,578,2
1545,583,3
1545,593,1
1545,604,4
1545,707,1
1545,754,2
1545,802,6
1545,859,2
1545,949,3
1545,952,1
1545,968,3
1545,1015,1
1545,1017,2
1545,1036,2
1545,1085,2
1545,1149,2
1545,1163,2
1545,1284,5
1545,1285,4
1545,1286,2
1545,1298,2
1545,1307,2
1545,1319,4
1545,1331,3
1545,1332,4
1545,1342,1
1545,1359,3
1545,1368,2
1545,1369,1
1545,1377,3
1545,1379,4
1545,1380,2
1545,1383,2
1545,1384,2
1545,1385,4
1545,1387,9
1545,1395,1
1545,1408,2
1545,1409,2
1545,1424,1
1545,1437,1
1545,1440,2
1545,1452,3
1545,1454,4
1545,1531,3
1545,1540,4
1545,1541,1
1545,1542,4
1545,1546,4
1545,1548,2
1545,1549,2
1545,1570,3
1545,1571,4
1545,1572,1
1545,1573,3
1545,1575,2
1545,1612,3
1545,1624,1
1545,1627,3
1545,1629,3
1545,1630,4
1545,1631,2
1545,1680,2
1546,13,1
1546,66,2
1546,116,1
1546,120,16
1546,137,1
1546,146,1
1546,172,1
1546,213,3
1546,246,1
1546,293,1
1546,302,4
1546,308,1
1546,326,4
1546,466,2
1546,501,1
1546,578,2
1546,593,1
1546,604,4
1546,707,2
1546,802,2
1546,859,1
1546,952,2
1546,1015,1
1546,1036,1
1546,1049,1
1546,1082,1
1546,1085,1
1546,1163,2
1546,1285,1
1546,1286,1
1546,1298,1
1546,1307,1
1546,1319,1
1546,1331,3
1546,1332,3
1546,1351,1
1546,1368,4
1546,1369,1
1546,1377,1
1546,1379,2
1546,1380,1
1546,1383,1
1546,1384,2
1546,1385,2
1546,1408,1
1546,1409,1
1546,1424,1
1546,1437,2
1546,1440,1
1546,1448,1
1546,1452,1
1546,1531,5
1546,1540,3
1546,1541,4
1546,1545,2
1546,1548,1
1546,1549,1
1546,1570,5
1546,1572,3
1546,1575,1
1546,1612,1
1546,1624,3
1546,1630,1
1546,1631,3
1546,1680,2
1548,11,2
1548,13,2
1548,116,1
1548,120,2
1548,137,1
1548,146,2
1548,168,1
1548,172,1
1548,213,5
1548,246,3
1548,250,4
1548,293,1
1548,302,1
1548,308,1
1548,326,1
1548,348,3
1548,453,2
1548,457,3
1548,578,8
1548,583,4
1548,604,1
1548,655,1
1548,707,2
1548,802,1
1548,859,1
1548,949,1
1548,952,2
1548,968,2
1548,1015,1
1548,1017,1
1548,1036,1
1548,1049,7
1548,1082,2
1548,1085,2
1548,1163,1
1548,1247,1
1548,1280,1
1548,1285,2
1548,1298,1
1548,1331,1
1548,1332,1
1548,1336,1
1548,1342,1
1548,1351,3
1548,1359,5
1548,1361,2
1548,1368,1
1548,1369,1
1548,1377,1
1548,1379,1
1548,1380,1
1548,1383,3
1548,1385,1
1548,1387,1
1548,1395,1
1548,1408,2
1548,1412,2
1548,1424,1
1548,1437,1
1548,1440,1
1548,1447,1
1548,1448,1
1548,1452,1
1548,1531,1
1548,1540,4
1548,1541,4
1548,1542,3
1548,1545,2
1548,1546,3
1548,1549,2
1548,1570,2
1548,1571,2
1548,1572,2
1548,1573,2
1548,1624,5
1548,1629,1
1548,1630,1
1548,1631,1
1548,1680,1
1549,11,1
1549,13,3
1549,66,2
1549,116,2
1549,137,1
1549,146,1
1549,172,2
1549,246,3
1549,250,1
1549,293,1
1549,308,1
1549,326,4
1549,348,1
1549,466,1
1549,501,1
1549,578,1
1549,604,2
1549,754,1
1549,802,2
1549,859,2
1549,949,1
1549,952,2
1549,1015,1
1549,1017,2
1549,1036,4
1549,1082,2
1549,1085,1
1549,1149,1
1549,1247,10
1549,1284,1
1549,1285,1
1549,1286,1
1549,1298,1
1549,1307,1
1549,1331,1
1549,1332,4
1549,1342,1
1549,1351,3
1549,1359,2
1549,1368,1
1549,1377,1
1549,1379,1
1549,1380,1
1549,1383,2
1549,1385,1
1549,1395,1
1549,1408,1
1549,1409,1
1549,1412,2
1549,1424,1
1549,1437,1
1549,1440,1
1549,1448,1
1549,1452,1
1549,1454,2
1549,1540,3
1549,1541,4
1549,1545,1
1549,1546,2
1549,1548,1
1549,1570,1
1549,1571,1
1549,1572,1
1549,1630,3
1549,1631,3
1549,1680,1
1570,11,1
1570,13,2
1570,116,1
1570,120,6
1570,137,1
1570,172,1
1570,213,5
1570,246,1
1570,250,1
1570,302,2
1570,308,7
1570,326,3
1570,348,3
1570,457,1
1570,501,2
1570,578,11
1570,583,1
1570,593,1
1570,604,2
1570,655,1
1570,802,2
1570,859,1
1570,952,4
1570,1015,1
1570,1017,3
1570,1036,2
1570,1049,2
1570,1085,4
1570,1163,4
1570,1247,2
1570,1285,6
1570,1286,1
1570,1298,1
1570,1307,2
1570,1332,1
1570,1336,1
1570,1342,5
1570,1351,2
1570,1359,2
1570,1361,2
1570,1369,2
1570,1377,4
1570,1379,4
1570,1383,1
1570,1384,1
1570,1385,1
1570,1387,1
1570,1409,5
1570,1424,3
1570,1437,2
1570,1447,1
1570,1448,1
1570,1454,1
1570,1531,2
1570,1540,4
1570,1541,6
1570,1545,2
1570,1546,9
1570,1548,3
1570,1549,1
1570,1571,2
1570,1572,3
1570,1573,2
1570,1624,5
1570,1629,2
1570,1630,4
1570,1631,2
1570,1680,1
1571,7,1
1571,116,2
1571,120,1
1571,137,1
1571,172,1
1571,246,1
1571,293,3
1571,308,1
1571,326,8
1571,457,2
1571,501,1
1571,593,2
1571,604,2
1571,754,3
1571,859,2
1571,949,1
1571,1017,3
1571,1036,3
1571,1082,3
1571,1085,2
1571,1163,3
1571,1285,2
1571,1332,2
1571,1342,1
1571,1368,1
1571,1369,1
1571,1379,2
1571,1380,1
1571,1383,2
1571,1384,2
1571,1385,3
1571,1540,1
1571,1541,2
1571,1545,1
1571,1546,1
1571,1549,2
1571,1572,1
1571,1630,2
1571,1631,3
1571,1680,1
1572,13,1
1572,66,1
1572,120,2
1572,137,1
1572,179,4
1572,267,3
1572,293,2
1572,302,1
1572,308,3
1572,326,3
1572,501,1
1572,604,5
1572,754,2
1572,802,1
1572,859,2
1572,1017,1
1572,1036,1
1572,1085,3
1572,1163,2
1572,1280,1
1572,1284,1
1572,1285,2
1572,1307,1
1572,1319,2
1572,1331,1
1572,1332,2
1572,1342,4
1572,1359,1
1572,1368,1
1572,1377,1
1572,1379,3
1572,1380,2
1572,1383,1
1572,1384,2
1572,1385,6
1572,1387,8
1572,1424,3
1572,1437,1
1572,1454,1
1572,1540,1
1572,1546,4
1572,1549,2
1572,1570,3
1572,1575,2
1572,1624,3
1572,1627,2
1572,1629,2
1572,1630,3
1572,1631,5
1572,1680,4
1573,172,1
1573,213,1
1573,293,1
1573,302,2
1573,326,1
1573,578,1
1573,593,3
1573,604,2
1573,859,1
1573,1036,2
1573,1247,1
1573,1285,2
1573,1359,1
1573,1361,1
1573,1377,2
1573,1379,1
1573,1383,1
1573,1409,3
1573,1454,1
1573,1540,3
1573,1541,1
1573,1545,1
1573,1546,3
1573,1549,1
1573,1627,1
1573,1631,2
1573,1680,1
1575,146,2
1575,179,2
1575,213,2
1575,250,1
1575,293,9
1575,501,1
1575,578,1
1575,583,3
1575,593,1
1575,1082,2
1575,1284,1
1575,1286,1
1575,1307,1
1575,1331,2
1575,1336,1
1575,1379,1
1575,1383,1
1575,1384,3
1575,1385,1
1575,1395,1
1575,1447,5
1575,1452,2
1575,1531,2
1575,1540,3
1575,1541,1
1575,1546,2
1575,1549,1
1575,1570,1
1575,1624,2
1575,1627,1
1575,1629,2
1575,1680,1
1612,7,1
1612,11,1
1612,13,2
1612,66,1
1612,116,4
1612,120,1
1612,137,1
1612,146,2
1612,168,1
1612,172,3
1612,179,2
1612,213,2
1612,267,2
1612,293,4
1612,302,3
1612,308,1
1612,326,2
1612,453,1
1612,457,2
1612,466,1
1612,501,3
1612,578,1
1612,583,1
1612,593,5
1612,604,2
1612,754,1
1612,802,2
1612,859,1
1612,949,6
1612,952,2
1612,1015,1
1612,1017,1
1612,1036,3
1612,1082,2
1612,1085,4
1612,1163,4
1612,1247,1
1612,1280,1
1612,1284,2
1612,1285,4
1612,1299,1
1612,1319,1
1612,1331,2
1612,1332,5
1612,1336,1
1612,1342,4
1612,1351,1
1612,1359,2
1612,1361,1
1612,1368,1
1612,1377,4
1612,1379,4
1612,1380,2
1612,1383,4
1612,1384,2
1612,1385,4
1612,1387,1
1612,1395,1
1612,1409,3
1612,1424,2
1612,1437,3
1612,1447,1
1612,1452,4
1612,1454,3
1612,1531,3
1612,1540,3
1612,1541,3
1612,1545,1
1612,1546,3
1612,1548,1
1612,1549,3
1612,1570,4
1612,1571,2
1612,1572,3
1612,1573,3
1612,1575,1
1612,1624,1
1612,1627,1
1612,1629,3
1612,1630,4
1612,1631,3
1612,1680,1
1624,11,1
1624,13,2
1624,66,1
1624,120,1
1624,137,1
1624,146,2
1624,168,1
1624,213,1
1624,246,1
1624,250,1
1624,348,1
1624,453,1
1624,457,1
1624,466,1
1624,578,1
1624,583,1
1624,604,1
1624,655,1
1624,707,1
1624,968,1
1624,1015,1
1624,1049,1
1624,1082,1
1624,1149,1
1624,1280,1
1624,1286,1
1624,1298,1
1624,1319,1
1624,1336,1
1624,1351,1
1624,1359,3
1624,1368,1
1624,1395,1
1624,1408,1
1624,1412,1
1624,1440,1
1624,1447,1
1624,1448,1
1624,1452,2
1624,1540,4
1624,1541,1
1624,1542,1
1624,1545,1
1624,1546,1
1624,1548,1
1624,1549,1
1624,1570,1
1624,1627,1
1627,250,1
1629,7,1
1629,11,1
1629,13,1
1629,66,1
1629,116,2
1629,120,1
1629,137,1
1629,146,1
1629,168,1
1629,172,2
1629,179,1
1629,213,1
1629,246,3
1629,250,1
1629,267,1
1629,293,1
1629,302,1
1629,308,2
1629,326,1
1629,348,1
1629,453,1
1629,457,1
1629,466,1
1629,501,1
1629,578,2
1629,583,1
1629,593,2
1629,604,4
1629,655,1
1629,707,1
1629,754,1
1629,802,1
1629,859,1
1629,949,1
1629,952,1
1629,968,1
1629,1015,1
1629,1017,1
1629,1036,3
1629,1049,3
1629,1082,1
1629,1085,2
1629,1149,1
1629,1163,4
1629,1247,1
1629,1280,1
1629,1284,1
1629,1285,2
1629,1286,2
1629,1298,1
1629,1299,1
1629,1307,2
1629,1319,2
1629,1331,2
1629,1332,1
1629,1336,1
1629,1342,1
1629,1351,2
1629,1359,3
1629,1361,1
1629,1368,1
1629,1369,3
1629,1377,3
1629,1379,2
1629,1380,2
1629,1383,3
1629,1384,2
1629,1385,1
1629,1387,1
1629,1395,1
1629,1408,1
1629,1409,3
1629,1412,1
1629,1424,2
1629,1437,2
1629,1440,1
1629,1447,1
1629,1448,1
1629,1452,1
1629,1454,10
1629,1531,3
1629,1540,2
1629,1541,1
1629,1542,1
1629,1545,1
1629,1546,3
1629,1548,3
1629,1549,3
1629,1570,2
1629,1571,1
1629,1572,1
1629,1573,3
1629,1575,1
1629,1612,1
1629,1624,3
1629,1627,1
1629,1630,4
1629,1631,3
1629,1680,2
1630,7,5
1630,11,2
1630,116,2
1630,120,2
1630,172,2
1630,179,3
1630,213,1
1630,293,1
1630,302,5
1630,326,5
1630,348,2
1630,501,1
1630,593,2
1630,604,3
1630,859,1
1630,949,2
1630,1015,1
1630,1017,3
1630,1036,5
1630,1085,3
1630,1163,20
1630,1284,1
1630,1285,2
1630,1331,4
1630,1332,1
1630,1361,1
1630,1369,1
1630,1377,3
1630,1379,5
1630,1383,2
1630,1385,5
1630,1409,3
1630,1424,1
1630,1437,1
1630,1452,1
1630,1454,2
1630,1531,2
1630,1540,3
1630,1541,1
1630,1546,3
1630,1570,1
1630,1571,1
1630,1572,1
1630,1627,1
1630,1629,4
1630,1631,8
1630,1680,3
1631,7,1
1631,13,2
1631,66,6
1631,116,6
1631,120,1
1631,137,1
1631,168,1
1631,172,1
1631,179,3
1631,213,2
1631,267,1
1631,293,3
1631,302,16
1631,308,3
1631,326,10
1631,466,1
1631,501,2
1631,583,1
1631,593,1
1631,604,1
1631,802,15
1631,949,2
1631,952,3
1631,968,1
1631,1017,2
1631,1036,56
1631,1082,1
1631,1085,4
1631,1163,21
1631,1284,6
1631,1285,8
1631,1299,2
1631,1307,2
1631,1319,1
1631,1331,1
1631,1332,4
1631,1351,2
1631,1359,1
1631,1361,1
1631,1368,2
1631,1369,1
1631,1377,8
1631,1379,5
1631,1380,1
1631,1383,7
1631,1384,6
1631,1385,9
1631,1408,1
1631,1409,9
1631,1412,1
1631,1424,8
1631,1437,3
1631,1440,1
1631,1452,2
1631,1454,2
1631,1531,4
1631,1540,1
1631,1541,4
1631,1542,1
1631,1545,1
1631,1546,8
1631,1549,4
1631,1570,1
1631,1571,1
1631,1572,2
1631,1573,4
1631,1575,2
1631,1612,1
1631,1627,1
1631,1629,11
1631,1630,17
1631,1680,1
1680,7,1
1680,13,2
1680,116,1
1680,120,3
1680,137,2
1680,172,2
1680,213,1
1680,267,2
1680,293,1
1680,302,1
1680,308,1
1680,326,3
1680,457,1
1680,501,1
1680,583,1
1680,593,2
1680,604,1
1680,802,5
1680,859,1
1680,1017,3
1680,1036,2
1680,1085,2
1680,1163,2
1680,1285,2
1680,1286,2
1680,1332,1
1680,1342,1
1680,1351,1
1680,1361,1
1680,1368,1
1680,1369,2
1680,1377,3
1680,1379,2
1680,1380,1
1680,1383,7
1680,1384,3
1680,1385,2
1680,1409,2
1680,1424,1
1680,1448,1
1680,1452,2
1680,1454,1
1680,1531,3
1680,1540,2
1680,1541,1
1680,1545,1
1680,1546,3
1680,1548,1
1680,1549,1
1680,1570,2
1680,1571,1
1680,1573,1
1680,1575,1
1680,1624,2
1680,1629,2
1680,1630,2
1680,1631,1
1690,7,1
1690,11,1
1690,13,1
1690,66,1
1690,116,1
1690,120,1
1690,137,1
1690,146,1
1690,168,1
1690,172,1
1690,179,1
1690,213,1
1690,246,1
1690,250,1
1690,267,1
1690,293,1
1690,302,1
1690,308,1
1690,326,1
1690,348,1
1690,453,1
1690,457,1
1690,466,1
1690,501,1
1690,578,1
1690,583,1
1690,593,1
1690,604,1
1690,655,1
1690,707,1
1690,754,1
1690,802,1
1690,859,1
1690,949,1
1690,952,1
1690,968,1
1690,1015,1
1690,1017,1
1690,1036,1
1690,1049,1
1690,1082,1
1690,1085,1
1690,1149,1
1690,1163,1
1690,1247,1
1690,1280,1
1690,1284,1
1690,1285,1
1690,1286,1
1690,1298,1
1690,1299,1
1690,1307,1
1690,1319,1
1690,1331,1
1690,1332,1
1690,1336,1
1690,1342,1
1690,1351,1
1690,1359,1
1690,1361,1
1690,1368,1
1690,1369,1
1690,1377,1
1690,1379,1
1690,1380,1
1690,1383,1
1690,1384,1
1690,1385,1
1690,1387,1
1690,1395,1
1690,1408,1
1690,1409,1
1690,1412,1
1690,1424,1
1690,1437,1
1690,1440,1
1690,1447,1
1690,1448,1
1690,1452,1
1690,1531,1
1690,1540,1
1690,1541,1
1690,1542,1
1690,1545,1
1690,1546,1
1690,1548,1
1690,1549,1
1690,1570,1
1690,1571,1
1690,1572,1
1690,1573,1
1690,1575,1
1690,1612,1
1690,1624,1
1690,1627,1
1690,1629,1
1690,1630,1
1690,1631,1
1690,1680,1
